fecha,usuario_id,Fuente_Trafico,visitas,compras
2025-12-12,USR-66763,Organico,2,0
2026-01-04,USR-35542,Referido,1,0
2026-01-15,USR-80626,Pagado,3,0
2026-03-04,USR-13214,Organico,2,0
2025-12-18,USR-34155,Directo,1,0
2026-02-13,USR-89031,Referido,3,0
2026-01-25,USR-67345,Pagado,3,0
2026-02-13,USR-20161,Directo,1,0
2026-01-09,USR-63201,Referido,2,0
2026-01-18,USR-17300,Directo,3,0
2026-01-15,USR-73027,Pagado,3,0
2026-02-13,USR-43844,Referido,2,0
2026-01-15,USR-60400,Organico,1,0
2026-01-07,USR-84198,Organico,1,0
2026-02-05,USR-32126,Directo,3,0
2026-02-26,USR-15001,Directo,3,0
2025-12-06,USR-71969,Directo,1,0
2026-02-13,USR-27261,Pagado,3,0
2025-12-06,USR-19889,Referido,1,0
2026-02-11,USR-91236,Organico,1,0
2026-01-27,USR-90589,Directo,1,0
2026-01-01,USR-47984,Organico,3,0
2025-12-18,USR-61397,Referido,3,0
2026-01-26,USR-68437,Organico,2,0
2025-12-23,USR-27043,Directo,2,0
2025-12-09,USR-22496,Pagado,1,0
2026-01-06,USR-78679,Organico,3,0
2026-01-28,USR-49662,Organico,2,0
2026-02-13,USR-58018,Pagado,2,0
2026-03-04,USR-70334,Pagado,2,0
2026-02-13,USR-21176,Directo,1,0
2026-02-01,USR-53958,Directo,1,0
2026-01-31,USR-72421,Referido,2,0
2026-03-03,USR-42222,Organico,3,0
2026-03-05,USR-87566,Pagado,2,0
2025-12-25,USR-76282,Pagado,1,0
2025-12-21,USR-32102,Organico,2,0
2026-02-06,USR-85844,Referido,3,0
2026-01-18,USR-35105,Pagado,1,0
2026-02-21,USR-93975,Directo,3,0
2025-12-22,USR-92087,Referido,2,0
2026-02-11,USR-27006,Directo,1,0
2026-02-19,USR-23289,Directo,2,0
2025-12-07,USR-82301,Pagado,3,0
2025-12-11,USR-18511,Pagado,2,0
2025-12-09,USR-43250,Organico,1,0
2026-02-04,USR-35156,Organico,1,0
2026-02-14,USR-92833,Organico,1,0
2025-12-08,USR-21960,Directo,1,0
2026-02-15,USR-61283,Organico,3,0
2026-01-04,USR-35997,Pagado,3,0
2026-02-06,USR-97424,Pagado,2,0
2026-01-14,USR-13202,Referido,3,0
2026-02-26,USR-54892,Organico,2,0
2026-02-16,USR-47771,Organico,2,0
2025-12-11,USR-25512,Pagado,1,0
2025-12-07,USR-52195,Referido,2,0
2026-02-11,USR-41078,Pagado,1,0
2026-02-21,USR-64792,Pagado,2,0
2026-01-14,USR-32216,Referido,1,0
2025-12-08,USR-47332,Organico,3,0
2026-02-22,USR-82385,Organico,1,0
2026-01-08,USR-26056,Directo,2,0
2026-01-20,USR-72647,Directo,1,0
2026-03-05,USR-22330,Referido,1,0
2026-03-01,USR-92809,Directo,1,0
2026-03-05,USR-31012,Directo,1,0
2026-02-08,USR-76907,Organico,1,0
2026-02-11,USR-72701,Organico,1,0
2026-02-17,USR-12595,Referido,1,0
2025-12-12,USR-39932,Referido,1,0
2026-02-08,USR-51638,Referido,3,0
2025-12-08,USR-29187,Organico,3,0
2025-12-24,USR-80449,Directo,1,0
2026-01-26,USR-91724,Directo,2,0
2026-02-16,USR-55505,Directo,2,0
2026-01-08,USR-97148,Referido,3,0
2026-02-07,USR-86874,Pagado,1,0
2026-03-03,USR-73321,Pagado,1,0
2025-12-09,USR-11572,Organico,3,0
2026-02-07,USR-33823,Pagado,1,0
2026-01-04,USR-26535,Pagado,2,0
2026-02-10,USR-78890,Pagado,2,0
2026-02-21,USR-37959,Referido,2,0
2025-12-10,USR-34196,Referido,3,0
2025-12-13,USR-65175,Pagado,1,0
2026-02-18,USR-72145,Directo,1,0
2026-01-31,USR-75260,Referido,1,0
2025-12-24,USR-85977,Pagado,3,0
2026-02-06,USR-49001,Organico,1,0
2026-02-11,USR-88324,Directo,2,0
2026-01-15,USR-86366,Pagado,1,0
2026-01-15,USR-63389,Directo,2,0
2026-01-25,USR-60323,Organico,3,0
2025-12-07,USR-13954,Organico,2,0
2026-03-05,USR-67308,Referido,3,0
2026-01-07,USR-92323,Directo,1,0
2026-01-31,USR-88052,Pagado,1,0
2025-12-21,USR-13480,Organico,2,0
2026-02-28,USR-75079,Directo,3,0
2026-03-05,USR-10024,Directo,3,0
2026-03-02,USR-39137,Directo,1,0
2026-02-06,USR-81900,Referido,2,0
2026-02-28,USR-32516,Organico,2,0
2026-02-01,USR-25483,Pagado,1,0
2026-01-09,USR-30032,Directo,2,0
2026-02-16,USR-33648,Pagado,3,0
2026-02-09,USR-30725,Pagado,3,0
2026-01-02,USR-83154,Referido,3,0
2025-12-29,USR-32729,Referido,2,0
2025-12-10,USR-63464,Directo,2,0
2025-12-27,USR-10434,Referido,3,0
2026-02-26,USR-54058,Pagado,3,0
2025-12-11,USR-79731,Pagado,2,0
2026-02-17,USR-80676,Directo,1,0
2026-01-09,USR-86501,Directo,1,0
2026-02-06,USR-33731,Directo,1,0
2026-02-19,USR-88827,Organico,1,0
2026-01-21,USR-35975,Organico,3,1
2026-02-19,USR-37469,Organico,2,0
2026-02-09,USR-39798,Organico,3,0
2025-12-30,USR-80446,Organico,3,0
2026-01-10,USR-27308,Organico,1,0
2025-12-18,USR-37549,Referido,2,0
2026-01-13,USR-56683,Referido,2,0
2025-12-08,USR-35173,Directo,3,0
2026-03-02,USR-74377,Organico,1,0
2026-02-23,USR-24199,Directo,3,0
2026-01-21,USR-41101,Pagado,3,0
2025-12-26,USR-63359,Referido,2,1
2025-12-24,USR-55580,Referido,3,0
2026-02-17,USR-85416,Organico,3,0
2025-12-24,USR-90031,Organico,3,0
2026-02-04,USR-59474,Directo,2,0
2025-12-23,USR-34322,Organico,3,0
2026-01-15,USR-90637,Organico,2,0
2026-02-09,USR-54945,Directo,2,0
2026-01-08,USR-29607,Referido,2,0
2026-02-11,USR-75081,Organico,2,0
2026-01-28,USR-97054,Referido,2,0
2026-01-23,USR-21694,Organico,1,0
2025-12-23,USR-74238,Organico,3,0
2025-12-12,USR-89206,Organico,1,0
2025-12-09,USR-78544,Organico,2,0
2025-12-12,USR-38535,Directo,3,0
2026-01-21,USR-92593,Organico,3,0
2026-01-19,USR-82560,Referido,3,1
2026-02-12,USR-65223,Referido,3,0
2026-02-05,USR-56468,Organico,2,0
2025-12-08,USR-23523,Organico,1,0
2025-12-31,USR-36855,Organico,1,0
2025-12-06,USR-88341,Organico,1,0
2026-03-02,USR-40663,Directo,1,0
2026-01-20,USR-92833,Referido,3,0
2026-01-19,USR-64427,Directo,3,0
2025-12-26,USR-30486,Organico,2,0
2025-12-09,USR-12098,Referido,2,0
2026-01-18,USR-30436,Pagado,1,0
2026-01-05,USR-92584,Pagado,2,0
2026-02-01,USR-11869,Pagado,1,0
2026-02-07,USR-62701,Directo,2,0
2026-02-09,USR-51071,Directo,2,0
2026-02-22,USR-76778,Directo,1,0
2025-12-05,USR-25026,Directo,1,0
2026-01-03,USR-92818,Directo,3,0
2025-12-21,USR-11206,Referido,3,0
2026-02-26,USR-20596,Pagado,2,0
2025-12-19,USR-45388,Pagado,2,0
2025-12-13,USR-73203,Organico,3,0
2026-01-16,USR-84723,Directo,1,0
2026-02-15,USR-41215,Pagado,3,0
2026-02-23,USR-89426,Pagado,1,0
2026-02-12,USR-33213,Directo,1,0
2025-12-31,USR-96978,Referido,3,0
2026-02-07,USR-32611,Pagado,3,0
2025-12-23,USR-66705,Directo,3,0
2026-01-13,USR-94919,Directo,3,0
2026-01-06,USR-64294,Directo,2,0
2026-02-03,USR-57345,Directo,2,0
2025-12-27,USR-96540,Referido,2,0
2025-12-27,USR-99959,Pagado,2,0
2025-12-22,USR-82377,Referido,2,0
2026-03-02,USR-60147,Referido,2,0
2026-02-11,USR-35693,Directo,2,0
2026-01-05,USR-24861,Organico,1,0
2026-01-25,USR-21500,Referido,2,0
2026-02-23,USR-41271,Referido,1,0
2026-01-29,USR-38033,Pagado,3,0
2026-02-25,USR-40073,Directo,2,0
2025-12-30,USR-93863,Pagado,1,0
2026-02-24,USR-78526,Pagado,1,0
2026-02-04,USR-75595,Pagado,1,1
2026-01-17,USR-97353,Referido,1,0
2025-12-05,USR-70380,Referido,1,0
2025-12-06,USR-55769,Organico,3,0
2025-12-10,USR-94440,Referido,1,0
2025-12-29,USR-45255,Directo,3,0
2025-12-09,USR-10898,Organico,2,0
2025-12-30,USR-92054,Directo,1,0
2026-01-01,USR-40287,Directo,1,1
2026-02-24,USR-37501,Pagado,2,0
2026-01-20,USR-56903,Pagado,3,0
2026-02-12,USR-39330,Directo,2,0
2025-12-10,USR-95191,Directo,2,0
2026-01-09,USR-36039,Referido,3,1
2026-03-01,USR-78667,Directo,1,0
2025-12-13,USR-72808,Organico,3,0
2026-01-17,USR-19343,Organico,2,0
2025-12-27,USR-37744,Organico,1,1
2025-12-10,USR-51855,Pagado,3,0
2026-01-21,USR-15291,Referido,3,0
2026-01-04,USR-98044,Organico,3,0
2025-12-19,USR-94546,Referido,1,0
2026-02-05,USR-37109,Pagado,2,0
2025-12-28,USR-96350,Directo,1,0
2026-02-22,USR-82123,Organico,1,0
2025-12-31,USR-71655,Directo,3,0
2026-02-08,USR-85674,Referido,1,0
2026-02-03,USR-27786,Directo,1,0
2026-02-11,USR-13793,Pagado,1,0
2026-01-29,USR-77945,Organico,1,0
2026-02-19,USR-73352,Directo,1,0
2025-12-13,USR-56773,Organico,1,0
2026-01-24,USR-42964,Referido,2,0
2025-12-31,USR-74175,Referido,3,0
2026-01-24,USR-50926,Organico,2,0
2026-03-03,USR-41820,Organico,2,0
2025-12-21,USR-99037,Directo,2,0
2026-02-08,USR-17651,Organico,2,0
2026-01-08,USR-41299,Organico,1,0
2025-12-13,USR-89740,Directo,2,0
2026-01-07,USR-28386,Organico,2,0
2026-01-24,USR-55722,Pagado,1,0
2025-12-09,USR-22557,Referido,2,0
2025-12-26,USR-24245,Directo,1,0
2025-12-22,USR-48276,Directo,1,0
2025-12-13,USR-66030,Directo,3,0
2025-12-30,USR-33845,Directo,1,0
2025-12-26,USR-41968,Referido,3,0
2025-12-31,USR-16243,Referido,3,0
2025-12-10,USR-57084,Directo,1,0
2026-03-03,USR-10602,Pagado,1,0
2025-12-16,USR-81030,Referido,1,0
2026-02-18,USR-94767,Organico,2,0
2025-12-19,USR-98592,Pagado,3,0
2026-01-18,USR-80844,Directo,1,0
2025-12-18,USR-95323,Referido,3,0
2026-03-04,USR-92680,Referido,1,0
2026-01-10,USR-65614,Directo,3,0
2026-01-11,USR-63903,Pagado,1,0
2026-03-05,USR-13097,Organico,2,0
2026-02-10,USR-79311,Directo,2,0
2026-01-17,USR-10718,Directo,1,0
2026-02-02,USR-47254,Pagado,2,0
2026-01-28,USR-58302,Referido,3,0
2026-01-28,USR-73408,Referido,2,0
2026-01-14,USR-20009,Organico,1,0
2025-12-26,USR-59822,Directo,1,0
2026-02-17,USR-35351,Organico,2,0
2026-02-27,USR-55292,Directo,3,0
2026-01-30,USR-80693,Directo,3,0
2025-12-05,USR-13215,Pagado,3,0
2025-12-31,USR-79625,Pagado,2,0
2025-12-17,USR-68213,Referido,2,0
2026-02-02,USR-97321,Pagado,3,0
2026-02-15,USR-90781,Organico,1,0
2026-01-23,USR-81255,Organico,1,0
2026-02-07,USR-40526,Referido,1,0
2026-03-04,USR-37918,Directo,1,0
2026-01-23,USR-48209,Referido,2,0
2025-12-05,USR-72532,Organico,3,0
2026-01-12,USR-57267,Referido,2,0
2026-02-19,USR-71210,Referido,2,0
2026-02-03,USR-34996,Directo,2,0
2025-12-24,USR-37393,Organico,1,0
2026-01-13,USR-25583,Referido,3,0
2025-12-12,USR-77582,Referido,3,0
2026-01-29,USR-35941,Directo,1,0
2026-01-03,USR-66674,Referido,1,0
2026-02-13,USR-77383,Pagado,3,1
2025-12-12,USR-35908,Pagado,3,1
2026-02-22,USR-70339,Organico,3,0
2026-02-28,USR-89372,Pagado,1,0
2026-03-05,USR-26640,Pagado,3,0
2025-12-27,USR-58261,Organico,3,0
2026-01-07,USR-63770,Pagado,2,0
2025-12-23,USR-23807,Pagado,3,0
2026-02-01,USR-27445,Pagado,1,0
2026-03-04,USR-90045,Pagado,3,0
2025-12-06,USR-60662,Pagado,2,0
2026-01-12,USR-11539,Referido,1,0
2026-02-19,USR-77746,Pagado,3,0
2025-12-29,USR-42369,Organico,3,0
2025-12-07,USR-78734,Pagado,2,0
2026-01-29,USR-70848,Organico,3,0
2026-02-05,USR-13095,Organico,2,0
2026-02-10,USR-33521,Directo,1,0
2026-02-04,USR-74059,Organico,3,0
2025-12-09,USR-20547,Organico,2,0
2026-01-22,USR-78720,Organico,1,1
2026-02-21,USR-18746,Organico,3,1
2025-12-31,USR-40913,Directo,2,0
2026-02-03,USR-81449,Directo,1,0
2026-02-22,USR-86878,Organico,2,0
2026-01-26,USR-76310,Directo,3,0
2025-12-13,USR-10229,Pagado,2,0
2026-02-02,USR-15258,Organico,3,0
2025-12-19,USR-37684,Organico,3,0
2026-02-21,USR-69175,Referido,2,0
2025-12-06,USR-94031,Pagado,1,0
2026-01-08,USR-34921,Pagado,2,0
2025-12-27,USR-21355,Directo,3,0
2026-01-18,USR-55664,Directo,1,0
2025-12-11,USR-79044,Referido,3,0
2026-01-04,USR-84544,Organico,3,0
2026-02-12,USR-13574,Referido,2,0
2026-02-17,USR-82691,Directo,2,0
2026-01-22,USR-67751,Directo,3,0
2025-12-09,USR-33063,Directo,3,0
2025-12-22,USR-79454,Referido,1,0
2026-02-28,USR-15057,Referido,2,0
2026-01-01,USR-35668,Pagado,1,0
2025-12-31,USR-17090,Referido,3,0
2026-02-27,USR-56090,Referido,2,1
2026-01-28,USR-43476,Referido,3,0
2025-12-13,USR-36279,Organico,3,0
2026-01-28,USR-40190,Pagado,1,0
2026-01-10,USR-53333,Pagado,1,0
2026-02-16,USR-59048,Referido,3,1
2026-01-20,USR-84017,Referido,3,0
2026-01-19,USR-57428,Referido,3,0
2026-02-05,USR-51239,Organico,3,1
2026-01-09,USR-99308,Directo,1,0
2026-02-07,USR-99466,Directo,1,0
2025-12-23,USR-30634,Organico,1,0
2026-01-01,USR-90289,Directo,1,0
2025-12-20,USR-12718,Pagado,1,0
2025-12-22,USR-13966,Pagado,1,1
2026-02-26,USR-65082,Referido,3,0
2026-03-03,USR-61292,Organico,1,0
2025-12-13,USR-26665,Referido,2,0
2026-01-03,USR-67921,Organico,3,0
2026-01-20,USR-65584,Directo,1,0
2026-01-15,USR-46252,Referido,2,0
2026-02-21,USR-11512,Directo,1,0
2026-02-22,USR-52597,Referido,3,0
2026-01-30,USR-73079,Directo,3,0
2026-01-23,USR-35910,Directo,1,0
2026-02-27,USR-12138,Referido,2,0
2026-02-25,USR-31292,Directo,1,0
2025-12-11,USR-51575,Directo,3,0
2026-01-17,USR-47454,Referido,3,0
2026-02-26,USR-13822,Pagado,1,0
2026-02-03,USR-97168,Directo,3,0
2026-02-11,USR-18676,Directo,3,0
2026-03-01,USR-81898,Directo,1,0
2026-02-28,USR-59809,Directo,1,0
2026-02-10,USR-35634,Organico,1,0
2025-12-23,USR-89542,Pagado,2,0
2025-12-11,USR-62440,Referido,3,0
2025-12-16,USR-22287,Directo,3,0
2026-01-24,USR-94051,Referido,1,0
2026-02-17,USR-39918,Organico,1,0
2026-01-25,USR-56735,Referido,1,0
2025-12-12,USR-28274,Directo,2,0
2026-02-24,USR-47858,Directo,3,0
2025-12-17,USR-51865,Pagado,3,0
2026-01-12,USR-84374,Referido,3,0
2025-12-06,USR-56018,Organico,2,0
2025-12-31,USR-18136,Pagado,3,0
2026-01-16,USR-68160,Directo,3,0
2026-01-10,USR-48973,Directo,3,0
2026-02-22,USR-70867,Pagado,2,0
2026-02-02,USR-79433,Pagado,2,0
2026-03-01,USR-65576,Referido,3,0
2025-12-27,USR-72347,Referido,3,0
2026-02-01,USR-43362,Pagado,1,0
2026-01-31,USR-64893,Referido,3,0
2025-12-20,USR-87282,Pagado,1,1
2026-01-27,USR-80118,Organico,1,0
2026-02-23,USR-40440,Directo,3,0
2026-01-17,USR-25679,Pagado,1,0
2026-01-30,USR-68897,Organico,3,0
2026-01-20,USR-56152,Referido,3,0
2025-12-17,USR-55927,Pagado,3,0
2026-01-28,USR-11348,Organico,2,0
2026-02-19,USR-85439,Directo,2,0
2025-12-12,USR-90868,Referido,2,0
2025-12-28,USR-18327,Referido,2,0
2025-12-25,USR-43639,Organico,3,0
2025-12-30,USR-22255,Referido,1,0
2025-12-10,USR-64611,Directo,3,0
2026-02-19,USR-34140,Directo,2,0
2025-12-21,USR-91534,Pagado,1,0
2026-01-22,USR-59778,Organico,2,0
2026-01-31,USR-71199,Referido,1,0
2025-12-27,USR-82249,Pagado,2,0
2025-12-30,USR-88799,Directo,2,0
2026-01-06,USR-67455,Referido,3,0
2026-01-01,USR-20445,Directo,3,0
2025-12-16,USR-13257,Directo,1,0
2026-01-29,USR-23428,Pagado,2,0
2026-01-16,USR-98318,Referido,3,0
2025-12-31,USR-33571,Pagado,2,0
2026-03-01,USR-36589,Directo,1,0
2026-01-10,USR-45383,Organico,2,1
2026-02-18,USR-84464,Directo,2,0
2025-12-28,USR-30056,Pagado,1,0
2026-01-23,USR-78445,Organico,3,1
2026-03-03,USR-41279,Directo,3,0
2026-02-23,USR-50764,Organico,2,0
2026-02-28,USR-56625,Organico,2,0
2025-12-29,USR-67134,Referido,2,0
2026-01-05,USR-69525,Directo,1,0
2025-12-30,USR-51482,Referido,3,0
2026-02-16,USR-98863,Directo,2,0
2026-02-11,USR-68783,Directo,2,0
2026-03-05,USR-58236,Pagado,2,0
2026-02-24,USR-67103,Organico,2,0
2026-02-14,USR-85485,Referido,1,0
2026-01-21,USR-48469,Pagado,2,0
2026-01-28,USR-35546,Directo,3,0
2026-02-25,USR-69446,Referido,3,0
2025-12-30,USR-69528,Pagado,1,0
2026-01-30,USR-52873,Organico,1,0
2025-12-19,USR-85853,Pagado,1,0
2025-12-17,USR-86145,Organico,2,0
2025-12-19,USR-40274,Directo,3,0
2026-01-15,USR-14931,Organico,1,0
2025-12-31,USR-61500,Pagado,1,0
2025-12-29,USR-12275,Directo,3,0
2026-02-21,USR-51625,Organico,2,0
2025-12-15,USR-61355,Directo,1,0
2025-12-22,USR-45335,Pagado,3,0
2026-01-30,USR-27922,Directo,2,0
2026-02-05,USR-24436,Organico,3,1
2026-01-23,USR-54368,Organico,1,0
2025-12-30,USR-34604,Organico,2,0
2026-02-01,USR-75616,Directo,1,0
2026-01-17,USR-98764,Pagado,1,0
2026-01-28,USR-81369,Directo,1,0
2025-12-23,USR-82658,Pagado,2,0
2026-02-24,USR-74582,Pagado,3,0
2026-02-10,USR-43264,Referido,3,0
2025-12-12,USR-28656,Referido,1,0
2025-12-07,USR-17363,Pagado,3,0
2026-01-06,USR-97323,Organico,3,0
2026-02-01,USR-30576,Organico,3,0
2025-12-23,USR-34797,Directo,2,0
2026-02-12,USR-28840,Organico,1,0
2026-02-10,USR-87149,Organico,3,0
2026-02-16,USR-26882,Organico,1,0
2025-12-25,USR-72593,Organico,3,0
2025-12-22,USR-62576,Directo,3,0
2026-02-27,USR-32507,Referido,3,0
2026-01-13,USR-67780,Organico,3,0
2026-02-02,USR-82403,Pagado,3,0
2025-12-16,USR-30200,Organico,1,1
2026-02-14,USR-71915,Pagado,3,0
2025-12-07,USR-94355,Referido,2,0
2026-02-23,USR-88481,Pagado,1,0
2026-02-19,USR-87875,Pagado,3,0
2026-01-01,USR-13198,Directo,1,0
2026-02-15,USR-40102,Referido,1,0
2025-12-07,USR-37279,Pagado,3,0
2026-01-25,USR-99335,Directo,3,0
2026-01-06,USR-44722,Directo,3,0
2026-02-01,USR-63385,Directo,3,0
2026-02-09,USR-54799,Pagado,1,0
2026-01-02,USR-76536,Pagado,3,0
2026-02-28,USR-68728,Pagado,3,0
2026-02-13,USR-67400,Pagado,3,0
2026-02-25,USR-86505,Directo,2,0
2025-12-31,USR-10109,Organico,3,0
2026-01-04,USR-50108,Referido,3,0
2025-12-30,USR-21673,Pagado,3,0
2026-02-24,USR-23046,Referido,2,0
2025-12-17,USR-90135,Directo,2,0
2026-02-15,USR-11049,Directo,1,0
2026-02-01,USR-81573,Referido,1,0
2026-01-14,USR-49221,Pagado,1,0
2026-02-20,USR-10555,Organico,1,1
2026-02-22,USR-69249,Pagado,2,0
2026-01-23,USR-71178,Organico,3,0
2026-02-04,USR-63399,Pagado,2,1
2025-12-13,USR-80863,Pagado,3,0
2026-02-16,USR-76905,Organico,3,0
2026-03-05,USR-28325,Referido,2,0
2025-12-14,USR-33012,Directo,1,0
2026-01-06,USR-85676,Directo,2,0
2025-12-24,USR-74440,Directo,1,0
2025-12-29,USR-84051,Organico,2,0
2025-12-16,USR-42355,Pagado,3,1
2025-12-25,USR-70758,Referido,3,0
2025-12-21,USR-57854,Referido,2,0
2025-12-13,USR-43241,Organico,2,0
2026-02-12,USR-91231,Pagado,1,0
2026-02-01,USR-32613,Referido,2,0
2026-01-06,USR-65994,Pagado,1,0
2025-12-31,USR-10874,Referido,3,0
2025-12-30,USR-59974,Organico,1,0
2026-01-03,USR-19944,Organico,1,0
2026-03-05,USR-30493,Pagado,1,0
2025-12-17,USR-60016,Organico,2,0
2026-02-17,USR-51786,Pagado,2,0
2026-02-13,USR-96963,Organico,3,0
2025-12-10,USR-23233,Pagado,3,0
2026-02-14,USR-53605,Pagado,2,0
2026-02-22,USR-99275,Referido,2,1
2026-01-04,USR-34565,Directo,3,0
2026-01-28,USR-21307,Organico,1,0
2026-01-31,USR-60591,Referido,1,0
2026-02-22,USR-59004,Directo,2,0
2025-12-13,USR-14607,Referido,2,0
2025-12-17,USR-26626,Organico,3,0
2026-02-23,USR-44366,Pagado,3,0
2025-12-09,USR-61915,Organico,1,0
2026-02-08,USR-88846,Organico,1,0
2026-01-14,USR-37747,Referido,1,1
2025-12-15,USR-89926,Organico,1,0
2026-01-26,USR-77746,Directo,3,0
2025-12-08,USR-52203,Organico,2,0
2026-01-15,USR-28476,Organico,2,0
2025-12-23,USR-84098,Organico,2,0
2025-12-24,USR-30040,Pagado,2,0
2026-02-20,USR-82697,Organico,2,0
2026-02-11,USR-56634,Directo,1,0
2026-02-19,USR-93316,Directo,2,0
2025-12-08,USR-95311,Referido,3,0
2025-12-10,USR-15987,Pagado,1,0
2026-01-21,USR-20550,Directo,3,0
2026-02-19,USR-85196,Pagado,1,0
2026-03-05,USR-57034,Referido,1,0
2026-01-17,USR-21530,Referido,1,0
2025-12-11,USR-60828,Directo,1,0
2026-02-28,USR-84916,Referido,2,0
2026-02-26,USR-78065,Referido,1,0
2026-01-27,USR-69825,Directo,2,0
2026-01-31,USR-13174,Directo,1,0
2026-02-06,USR-35094,Directo,2,0
2026-01-07,USR-21619,Pagado,3,1
2026-01-22,USR-95724,Organico,2,0
2026-01-26,USR-92087,Directo,3,0
2026-02-23,USR-98356,Organico,1,0
2026-03-04,USR-78437,Organico,3,0
2026-02-23,USR-89120,Referido,2,0
2026-02-01,USR-37891,Directo,2,0
2026-02-27,USR-78883,Directo,1,0
2025-12-15,USR-61461,Organico,3,0
2026-01-18,USR-12091,Pagado,3,0
2025-12-26,USR-74521,Pagado,2,0
2025-12-25,USR-54160,Organico,1,0
2026-02-02,USR-26806,Pagado,3,0
2026-03-05,USR-58742,Referido,3,0
2025-12-26,USR-10818,Referido,2,0
2026-03-03,USR-77357,Pagado,2,0
2025-12-20,USR-61897,Pagado,3,0
2026-03-01,USR-12709,Pagado,3,0
2026-01-02,USR-41635,Referido,3,0
2026-01-09,USR-57322,Organico,1,0
2025-12-25,USR-73820,Pagado,3,0
2026-01-16,USR-91368,Referido,1,0
2026-01-09,USR-17140,Referido,1,0
2026-01-13,USR-37225,Referido,2,0
2026-02-22,USR-55249,Pagado,2,0
2026-01-09,USR-93680,Directo,2,0
2026-02-16,USR-85244,Organico,3,0
2026-02-08,USR-24334,Directo,2,0
2026-01-25,USR-17779,Organico,3,0
2026-03-02,USR-10240,Directo,2,0
2026-01-16,USR-60204,Referido,1,0
2026-01-29,USR-11708,Organico,2,0
2025-12-13,USR-48404,Organico,3,0
2026-01-08,USR-37899,Directo,1,0
2026-02-06,USR-90009,Directo,1,0
2026-01-04,USR-93992,Pagado,1,0
2026-02-05,USR-49572,Referido,2,0
2026-02-07,USR-36537,Referido,1,0
2026-02-16,USR-86618,Pagado,3,0
2026-01-15,USR-65854,Organico,2,1
2025-12-29,USR-16362,Referido,2,0
2026-02-06,USR-70875,Referido,1,0
2026-01-09,USR-31588,Referido,3,0
2025-12-06,USR-18425,Organico,2,0
2025-12-07,USR-38695,Pagado,3,0
2026-02-07,USR-77275,Pagado,1,0
2026-01-05,USR-96261,Directo,1,0
2026-02-15,USR-23815,Directo,3,1
2026-01-04,USR-78495,Directo,2,0
2026-03-05,USR-49813,Organico,3,0
2026-01-26,USR-37993,Directo,2,0
2025-12-27,USR-96325,Organico,2,0
2026-01-25,USR-95989,Pagado,1,0
2026-01-25,USR-33149,Pagado,1,0
2025-12-12,USR-75787,Referido,1,1
2025-12-26,USR-18992,Directo,3,0
2026-02-26,USR-38569,Referido,1,0
2026-02-20,USR-17262,Organico,2,0
2025-12-09,USR-49434,Pagado,1,0
2025-12-22,USR-14263,Directo,2,0
2025-12-07,USR-79704,Referido,1,0
2026-01-24,USR-85663,Pagado,2,0
2026-02-18,USR-90531,Directo,1,0
2026-03-01,USR-57231,Directo,1,0
2026-01-19,USR-15663,Referido,3,0
2026-01-14,USR-56828,Pagado,2,0
2026-02-27,USR-91775,Directo,1,0
2026-02-18,USR-63912,Referido,1,0
2026-02-28,USR-70894,Directo,2,0
2026-03-03,USR-33695,Organico,2,0
2026-01-16,USR-84250,Referido,2,0
2025-12-26,USR-78427,Organico,3,1
2025-12-14,USR-79926,Directo,2,0
2026-02-09,USR-48797,Referido,3,0
2026-03-04,USR-68906,Directo,3,0
2026-01-25,USR-82057,Directo,3,0
2026-03-01,USR-45372,Referido,1,0
2025-12-13,USR-26300,Referido,1,0
2025-12-21,USR-92445,Referido,1,0
2026-01-15,USR-23572,Referido,3,0
2026-01-27,USR-55108,Pagado,1,0
2025-12-18,USR-23752,Pagado,3,0
2025-12-06,USR-97402,Directo,1,0
2026-01-03,USR-74059,Organico,1,0
2026-01-17,USR-63432,Referido,3,0
2026-02-14,USR-17667,Organico,3,0
2026-01-28,USR-34535,Organico,3,0
2026-02-26,USR-60031,Pagado,1,0
2026-03-04,USR-49773,Referido,1,0
2026-01-29,USR-11682,Referido,2,0
2026-02-03,USR-25801,Referido,1,0
2025-12-13,USR-67650,Organico,3,0
2026-01-19,USR-34802,Directo,3,0
2026-01-28,USR-93228,Organico,2,0
2026-02-06,USR-61145,Referido,1,0
2026-01-24,USR-88035,Pagado,3,0
2026-01-01,USR-71419,Directo,3,0
2026-02-19,USR-74736,Pagado,1,0
2026-02-07,USR-35455,Referido,2,0
2025-12-25,USR-34156,Directo,2,0
2025-12-13,USR-97712,Pagado,1,0
2025-12-23,USR-79986,Directo,1,0
2025-12-21,USR-95194,Organico,1,0
2025-12-11,USR-12300,Pagado,3,0
2026-01-28,USR-42619,Organico,2,0
2026-02-01,USR-37336,Directo,2,0
2026-01-11,USR-76032,Organico,3,0
2026-03-03,USR-45925,Pagado,2,0
2026-01-16,USR-20376,Directo,3,0
2025-12-18,USR-70231,Pagado,1,0
2025-12-31,USR-61318,Pagado,1,0
2025-12-17,USR-78887,Referido,3,0
2026-01-19,USR-20029,Referido,1,0
2026-01-28,USR-63993,Organico,1,0
2026-01-04,USR-17324,Organico,3,0
2026-01-21,USR-71556,Directo,3,0
2025-12-23,USR-10388,Referido,2,0
2025-12-15,USR-52503,Referido,2,0
2026-02-11,USR-49505,Organico,1,0
2026-02-28,USR-86444,Pagado,1,0
2025-12-17,USR-91135,Directo,2,0
2026-02-20,USR-45961,Organico,3,0
2026-02-27,USR-80066,Directo,2,0
2026-03-05,USR-21109,Directo,2,0
2025-12-13,USR-52463,Referido,1,0
2026-01-20,USR-68976,Organico,1,0
2025-12-24,USR-40940,Pagado,2,0
2025-12-11,USR-77247,Pagado,1,0
2026-02-03,USR-18606,Pagado,1,0
2026-02-27,USR-65731,Organico,2,0
2026-01-02,USR-89315,Organico,3,0
2026-01-16,USR-37086,Pagado,3,0
2025-12-28,USR-86076,Referido,2,0
2026-01-18,USR-10468,Pagado,2,0
2026-01-08,USR-75947,Directo,1,0
2026-02-07,USR-51468,Referido,3,0
2026-01-17,USR-29664,Referido,3,0
2026-02-10,USR-59117,Organico,1,1
2025-12-26,USR-84875,Referido,2,0
2026-02-08,USR-27521,Referido,3,0
2026-01-05,USR-54298,Referido,3,0
2026-02-01,USR-10818,Directo,3,0
2026-01-09,USR-33234,Directo,1,1
2025-12-08,USR-62001,Organico,1,0
2026-02-16,USR-30656,Directo,2,0
2025-12-09,USR-80695,Organico,3,0
2026-03-03,USR-25169,Directo,2,0
2025-12-13,USR-95511,Directo,3,0
2026-02-05,USR-91726,Directo,3,0
2025-12-05,USR-59630,Organico,1,0
2025-12-23,USR-85334,Pagado,2,0
2025-12-09,USR-74927,Directo,3,0
2025-12-10,USR-49003,Referido,1,0
2025-12-16,USR-38949,Referido,1,0
2026-01-22,USR-32335,Directo,3,0
2026-02-17,USR-62462,Organico,2,0
2025-12-15,USR-61722,Directo,2,0
2026-01-11,USR-17262,Referido,3,0
2026-02-19,USR-23608,Organico,3,0
2026-02-17,USR-41609,Pagado,3,0
2026-01-29,USR-59230,Directo,2,0
2026-03-04,USR-57050,Directo,3,0
2025-12-23,USR-15078,Referido,1,0
2025-12-16,USR-38261,Referido,1,0
2026-02-28,USR-67720,Directo,3,0
2026-02-19,USR-58159,Organico,3,0
2026-02-26,USR-72802,Directo,2,0
2025-12-21,USR-34492,Pagado,1,0
2026-01-21,USR-38850,Pagado,2,0
2026-01-04,USR-66781,Directo,2,0
2026-01-18,USR-42260,Pagado,1,0
2026-02-10,USR-18080,Organico,1,0
2025-12-15,USR-22211,Directo,1,0
2026-02-18,USR-33749,Pagado,3,0
2026-01-28,USR-87563,Organico,3,0
2025-12-26,USR-26039,Pagado,1,0
2026-01-03,USR-20786,Pagado,2,0
2026-02-02,USR-95785,Pagado,2,0
2026-01-22,USR-48045,Directo,1,0
2026-01-22,USR-14974,Pagado,3,0
2025-12-23,USR-95565,Referido,2,1
2026-02-08,USR-96900,Organico,1,0
2026-02-27,USR-63389,Organico,3,0
2026-02-01,USR-58544,Organico,3,0
2025-12-17,USR-13616,Pagado,1,0
2025-12-31,USR-60929,Organico,1,0
2025-12-05,USR-62121,Directo,3,0
2025-12-28,USR-13018,Directo,2,0
2025-12-25,USR-29114,Directo,2,1
2026-01-21,USR-18463,Pagado,1,0
2026-01-17,USR-24503,Directo,2,0
2026-01-17,USR-74620,Organico,2,0
2026-01-14,USR-22197,Referido,2,0
2026-01-26,USR-68266,Referido,3,0
2026-01-10,USR-33832,Organico,3,0
2026-01-01,USR-44833,Directo,2,0
2026-02-16,USR-79678,Referido,2,0
2026-02-19,USR-88850,Organico,1,0
2025-12-16,USR-63489,Organico,1,0
2026-01-01,USR-93686,Referido,1,0
2026-02-06,USR-80111,Directo,1,0
2026-02-27,USR-20168,Pagado,2,0
2025-12-25,USR-30148,Pagado,1,0
2026-02-11,USR-32227,Referido,1,0
2026-03-03,USR-67042,Organico,3,0
2026-02-28,USR-67294,Directo,3,0
2026-02-19,USR-28463,Directo,2,0
2026-01-17,USR-62761,Referido,3,0
2026-01-07,USR-64736,Pagado,2,1
2025-12-15,USR-49687,Pagado,1,0
2026-01-30,USR-16451,Organico,1,0
2025-12-23,USR-94291,Organico,3,0
2025-12-06,USR-83693,Referido,3,0
2025-12-05,USR-70284,Directo,1,0
2025-12-20,USR-25472,Referido,2,0
2026-01-18,USR-69524,Referido,2,0
2025-12-25,USR-52585,Pagado,2,0
2026-02-21,USR-23047,Pagado,2,0
2026-02-27,USR-53772,Pagado,3,0
2026-02-04,USR-62789,Referido,2,0
2026-02-24,USR-46807,Referido,2,0
2026-01-20,USR-93403,Pagado,3,0
2026-01-03,USR-42095,Pagado,2,0
2026-01-10,USR-49917,Pagado,2,0
2026-02-23,USR-89997,Organico,1,0
2025-12-22,USR-49696,Directo,1,0
2026-02-24,USR-25035,Directo,3,0
2026-02-16,USR-92169,Directo,2,0
2025-12-08,USR-23158,Organico,2,0
2026-01-17,USR-29140,Referido,1,0
2026-02-24,USR-22062,Directo,1,0
2026-01-06,USR-49606,Organico,3,0
2025-12-21,USR-69957,Organico,1,0
2026-02-11,USR-53348,Referido,2,0
2025-12-18,USR-17446,Directo,3,0
2026-01-14,USR-87254,Organico,1,0
2025-12-31,USR-88561,Pagado,2,1
2025-12-22,USR-53305,Directo,2,0
2026-01-21,USR-19036,Pagado,1,0
2025-12-29,USR-54078,Organico,3,0
2026-02-20,USR-99242,Pagado,2,1
2026-01-05,USR-31786,Referido,1,0
2025-12-21,USR-32208,Directo,3,0
2026-01-03,USR-11088,Organico,3,1
2026-02-25,USR-12506,Referido,3,0
2026-02-25,USR-98572,Organico,1,0
2026-03-04,USR-21478,Referido,1,1
2025-12-16,USR-50582,Referido,1,0
2025-12-11,USR-78879,Organico,1,0
2026-02-17,USR-81878,Organico,2,0
2025-12-13,USR-75678,Organico,3,0
2026-01-23,USR-30957,Pagado,2,0
2026-01-30,USR-39665,Pagado,1,0
2026-01-23,USR-85384,Referido,3,0
2026-02-11,USR-39650,Referido,1,0
2026-03-01,USR-32649,Pagado,3,0
2026-01-22,USR-46162,Organico,1,0
2026-02-13,USR-70536,Pagado,3,1
2026-02-09,USR-82576,Referido,3,0
2026-01-11,USR-96591,Pagado,1,0
2025-12-11,USR-83767,Referido,1,0
2026-02-05,USR-14035,Organico,2,0
2025-12-10,USR-22121,Directo,3,0
2026-01-15,USR-99065,Organico,1,1
2026-01-17,USR-86567,Pagado,2,0
2025-12-19,USR-66851,Directo,1,0
2026-03-01,USR-64520,Directo,2,0
2025-12-10,USR-65527,Directo,1,0
2025-12-16,USR-43269,Organico,1,0
2025-12-09,USR-26748,Referido,3,0
2026-01-10,USR-98318,Referido,3,0
2025-12-14,USR-66474,Directo,2,0
2026-02-25,USR-82972,Directo,1,0
2026-02-07,USR-59777,Referido,2,0
2026-02-03,USR-14271,Referido,2,0
2025-12-10,USR-96284,Referido,1,1
2025-12-13,USR-55515,Referido,2,0
2026-02-16,USR-23030,Directo,3,0
2026-01-09,USR-76376,Directo,3,1
2026-02-02,USR-90861,Referido,2,0
2026-01-24,USR-14961,Directo,1,0
2026-02-03,USR-33141,Organico,3,0
2026-02-02,USR-95054,Pagado,3,0
2026-02-05,USR-47912,Pagado,3,0
2025-12-20,USR-32421,Referido,1,0
2025-12-20,USR-37747,Directo,1,1
2026-02-13,USR-91847,Referido,2,0
2026-02-09,USR-23916,Directo,2,0
2025-12-06,USR-76260,Referido,3,0
2026-01-16,USR-45455,Directo,1,0
2025-12-26,USR-16782,Referido,3,0
2026-01-31,USR-91309,Pagado,2,0
2025-12-14,USR-73700,Organico,3,0
2025-12-16,USR-76478,Directo,1,0
2025-12-29,USR-65928,Directo,1,0
2025-12-30,USR-87955,Referido,2,0
2026-01-27,USR-76140,Pagado,1,0
2026-01-01,USR-53546,Pagado,1,0
2025-12-30,USR-61599,Referido,1,0
2025-12-24,USR-96931,Pagado,3,0
2026-02-03,USR-99191,Directo,3,0
2026-02-20,USR-61774,Pagado,2,0
2026-02-03,USR-41048,Pagado,1,0
2026-02-25,USR-50485,Directo,2,0
2026-01-11,USR-81504,Directo,2,0
2026-02-20,USR-81300,Organico,1,0
2025-12-13,USR-71180,Referido,2,0
2025-12-16,USR-83206,Pagado,2,0
2026-01-06,USR-60754,Pagado,1,0
2025-12-17,USR-46647,Referido,3,0
2026-01-08,USR-51036,Referido,3,0
2025-12-06,USR-34935,Pagado,2,0
2026-01-10,USR-52737,Directo,3,0
2026-01-16,USR-52582,Pagado,1,0
2025-12-21,USR-39373,Referido,1,0
2026-01-05,USR-76455,Referido,3,0
2026-01-22,USR-36741,Referido,1,0
2026-01-26,USR-89636,Referido,2,0
2025-12-25,USR-88953,Pagado,1,0
2025-12-13,USR-26690,Pagado,2,0
2026-02-22,USR-69819,Directo,2,0
2025-12-18,USR-84311,Organico,1,0
2026-02-17,USR-95280,Referido,1,0
2026-02-08,USR-53487,Pagado,3,0
2026-01-11,USR-55495,Referido,3,0
2026-01-02,USR-69749,Directo,3,0
2026-02-27,USR-94597,Pagado,1,1
2026-02-25,USR-46394,Referido,2,0
2026-03-01,USR-35147,Directo,1,0
2026-02-19,USR-13504,Organico,2,0
2026-01-09,USR-46561,Organico,1,0
2026-02-04,USR-21598,Referido,2,0
2026-01-19,USR-55696,Referido,2,0
2025-12-29,USR-17245,Directo,1,0
2025-12-26,USR-60206,Pagado,3,0
2025-12-05,USR-92670,Organico,3,0
2025-12-15,USR-83344,Directo,2,0
2026-01-11,USR-48928,Organico,1,0
2026-01-24,USR-13151,Directo,2,0
2026-01-06,USR-45813,Directo,2,0
2026-01-24,USR-66130,Referido,2,0
2026-01-26,USR-89695,Pagado,2,0
2026-01-27,USR-33626,Organico,2,0
2026-02-26,USR-74884,Referido,3,0
2026-01-21,USR-49882,Referido,2,0
2025-12-14,USR-34168,Referido,1,0
2026-02-26,USR-53971,Pagado,2,0
2026-01-06,USR-52502,Referido,1,0
2026-01-20,USR-47268,Pagado,3,0
2026-01-20,USR-75750,Pagado,2,0
2026-01-15,USR-55903,Directo,2,0
2026-01-11,USR-29111,Pagado,3,0
2026-01-11,USR-78150,Directo,3,0
2026-01-17,USR-80644,Pagado,1,0
2025-12-11,USR-79522,Referido,1,0
2026-01-09,USR-31386,Directo,1,1
2025-12-10,USR-56677,Organico,2,1
2025-12-06,USR-96654,Referido,2,0
2025-12-23,USR-54179,Referido,1,1
2026-03-02,USR-86231,Pagado,1,0
2026-02-06,USR-36052,Pagado,2,0
2025-12-30,USR-92801,Referido,1,0
2026-01-25,USR-48294,Organico,3,0
2025-12-05,USR-56305,Organico,1,0
2026-02-16,USR-89549,Directo,3,0
2026-01-22,USR-17769,Referido,2,0
2026-02-03,USR-65369,Referido,2,0
2026-01-05,USR-44100,Organico,2,0
2026-01-10,USR-32404,Pagado,3,0
2026-02-04,USR-28193,Organico,2,0
2026-01-13,USR-39888,Referido,2,0
2025-12-27,USR-25497,Organico,3,0
2026-02-22,USR-15260,Directo,2,0
2026-01-25,USR-13305,Pagado,3,0
2026-01-25,USR-66437,Referido,3,0
2026-02-19,USR-73129,Referido,2,0
2025-12-08,USR-94263,Organico,1,0
2025-12-14,USR-46716,Directo,1,0
2026-02-21,USR-39024,Organico,2,0
2026-02-15,USR-32354,Referido,3,0
2026-02-16,USR-53140,Directo,1,0
2026-01-23,USR-18044,Directo,2,0
2026-02-20,USR-19134,Referido,3,0
2025-12-17,USR-18636,Pagado,1,0
2026-01-11,USR-63825,Directo,3,0
2025-12-29,USR-73531,Directo,3,0
2026-01-01,USR-59372,Organico,3,0
2025-12-23,USR-46658,Organico,1,0
2026-02-16,USR-84793,Pagado,3,0
2026-02-14,USR-98146,Referido,1,0
2026-03-05,USR-39971,Pagado,2,0
2026-01-26,USR-27312,Directo,3,1
2026-01-14,USR-94374,Pagado,2,0
2026-02-04,USR-54543,Directo,3,0
2026-01-29,USR-83596,Pagado,3,0
2026-02-21,USR-48899,Organico,2,0
2026-01-04,USR-25753,Directo,1,0
2025-12-28,USR-86515,Organico,3,0
2026-01-07,USR-20699,Referido,1,0
2026-02-10,USR-88181,Organico,2,0
2026-01-23,USR-61932,Referido,2,0
2026-01-19,USR-98973,Directo,2,0
2026-02-11,USR-10519,Directo,3,0
2026-01-03,USR-28671,Directo,1,0
2026-02-18,USR-43785,Referido,3,0
2026-01-14,USR-46752,Organico,1,0
2026-02-02,USR-53979,Referido,1,0
2025-12-07,USR-56753,Referido,1,0
2026-01-11,USR-41818,Organico,1,1
2026-01-21,USR-93707,Pagado,1,0
2026-02-26,USR-71795,Pagado,2,0
2025-12-05,USR-20568,Directo,3,0
2025-12-10,USR-53987,Referido,1,0
2026-02-04,USR-26197,Referido,1,0
2026-01-13,USR-40942,Referido,3,0
2026-03-01,USR-77861,Referido,2,0
2026-02-13,USR-41893,Pagado,3,0
2025-12-12,USR-73094,Directo,3,0
2026-02-10,USR-13981,Referido,2,0
2026-03-05,USR-67490,Pagado,2,0
2026-01-16,USR-66970,Pagado,3,0
2026-02-25,USR-23005,Pagado,2,0
2026-01-25,USR-24764,Directo,2,0
2025-12-16,USR-62737,Referido,1,0
2026-02-15,USR-63671,Referido,2,0
2025-12-20,USR-87058,Referido,1,0
2026-03-03,USR-11698,Organico,3,1
2026-01-05,USR-22676,Directo,1,0
2026-02-18,USR-53946,Directo,1,0
2026-02-17,USR-71067,Organico,2,0
2026-02-21,USR-93415,Organico,1,0
2025-12-09,USR-72359,Organico,3,0
2026-01-10,USR-11439,Directo,1,0
2026-01-17,USR-34787,Organico,3,0
2026-01-21,USR-59609,Directo,1,0
2026-02-20,USR-28544,Directo,1,0
2026-02-07,USR-53073,Organico,2,0
2025-12-24,USR-45365,Pagado,1,0
2026-03-04,USR-90103,Directo,3,0
2026-03-02,USR-69774,Pagado,1,0
2026-02-04,USR-61855,Referido,1,0
2026-01-12,USR-97690,Pagado,2,0
2026-03-02,USR-32213,Directo,2,0
2026-01-24,USR-27348,Referido,3,0
2025-12-06,USR-26719,Pagado,2,0
2026-02-10,USR-28296,Pagado,2,0
2026-01-13,USR-71908,Organico,1,0
2026-03-03,USR-46233,Referido,2,0
2026-02-01,USR-22539,Organico,2,1
2025-12-07,USR-17973,Referido,3,0
2026-02-06,USR-86498,Organico,3,0
2026-01-09,USR-11646,Directo,1,0
2026-01-24,USR-29599,Pagado,3,0
2026-02-22,USR-39847,Pagado,3,1
2026-01-01,USR-38333,Pagado,3,0
2026-02-16,USR-63798,Directo,1,0
2026-02-06,USR-22275,Organico,2,1
2025-12-28,USR-75040,Organico,3,0
2026-02-16,USR-60544,Organico,2,0
2025-12-24,USR-47182,Organico,1,0
2025-12-09,USR-78069,Referido,3,0
2025-12-12,USR-88042,Referido,1,0
2026-03-03,USR-67169,Directo,2,0
2026-01-04,USR-21801,Referido,3,0
2026-01-27,USR-80967,Organico,2,0
2025-12-12,USR-55786,Referido,2,0
2026-01-13,USR-95751,Pagado,3,0
2026-01-18,USR-70456,Organico,3,0
2026-02-10,USR-59585,Organico,1,0
2026-01-05,USR-78524,Directo,2,0
2026-01-02,USR-99537,Pagado,2,0
2026-02-14,USR-29628,Referido,1,0
2026-03-03,USR-96860,Directo,2,1
2026-02-28,USR-59037,Organico,2,0
2026-01-28,USR-99506,Organico,1,0
2026-02-02,USR-43699,Directo,3,0
2026-03-03,USR-64990,Organico,1,0
2026-01-27,USR-81455,Directo,2,0
2025-12-08,USR-98437,Organico,2,0
2026-01-02,USR-18211,Pagado,1,0
2026-01-01,USR-31078,Referido,3,1
2026-02-09,USR-43074,Organico,3,0
2026-01-28,USR-10233,Pagado,1,0
2026-01-27,USR-13243,Directo,3,0
2025-12-16,USR-82832,Organico,2,0
2026-02-27,USR-68972,Pagado,3,0
2026-01-17,USR-60049,Organico,3,0
2026-02-01,USR-75669,Pagado,2,0
2026-01-18,USR-84555,Directo,1,0
2026-02-14,USR-88324,Directo,1,0
2026-02-08,USR-34132,Directo,3,0
2025-12-29,USR-45718,Directo,2,1
2026-01-04,USR-29526,Referido,2,0
2026-03-01,USR-91799,Organico,3,0
2026-01-01,USR-91411,Pagado,3,0
2026-03-01,USR-33726,Referido,2,0
2025-12-22,USR-12670,Pagado,3,0
2025-12-17,USR-30695,Referido,2,0
2026-01-27,USR-25878,Pagado,2,0
2026-02-13,USR-28454,Pagado,3,0
2026-01-04,USR-84810,Directo,2,0
2026-01-28,USR-90087,Directo,2,0
2025-12-28,USR-96768,Directo,1,0
2026-02-12,USR-68547,Pagado,2,0
2025-12-06,USR-78786,Referido,3,0
2025-12-17,USR-62916,Directo,1,0
2025-12-28,USR-74762,Directo,1,0
2026-01-18,USR-95900,Referido,3,0
2026-01-22,USR-42479,Pagado,2,0
2025-12-10,USR-81191,Organico,3,1
2026-02-08,USR-67923,Organico,2,0
2026-02-13,USR-49445,Pagado,3,0
2026-01-09,USR-28084,Directo,2,0
2026-02-20,USR-26281,Organico,1,0
2026-02-02,USR-93785,Referido,3,0
2025-12-18,USR-93010,Referido,3,0
2025-12-22,USR-72003,Organico,1,0
2026-02-15,USR-14759,Directo,1,0
2026-02-04,USR-61044,Organico,1,0
2026-02-21,USR-69887,Directo,3,0
2026-01-15,USR-81288,Directo,2,0
2026-02-27,USR-14608,Directo,2,0
2026-02-15,USR-70901,Pagado,3,0
2026-03-02,USR-55051,Organico,1,0
2026-01-22,USR-65779,Directo,1,0
2025-12-26,USR-84955,Referido,1,0
2026-02-09,USR-29623,Organico,1,0
2026-02-04,USR-96373,Directo,3,0
2026-01-01,USR-69869,Pagado,2,0
2026-02-28,USR-41479,Pagado,1,0
2025-12-27,USR-96502,Organico,2,0
2025-12-06,USR-79728,Pagado,2,0
2026-02-26,USR-43403,Pagado,2,0
2026-01-22,USR-85217,Referido,3,0
2025-12-19,USR-18995,Pagado,3,0
2026-01-15,USR-23886,Organico,1,0
2025-12-07,USR-97894,Organico,2,0
2026-03-02,USR-11159,Pagado,2,0
2026-01-12,USR-30021,Pagado,2,0
2026-01-24,USR-58203,Referido,1,0
2026-02-15,USR-97079,Referido,1,0
2026-01-02,USR-67433,Directo,2,0
2025-12-07,USR-24140,Pagado,3,0
2026-02-15,USR-46680,Referido,1,0
2025-12-14,USR-89118,Referido,1,0
2025-12-10,USR-48579,Directo,3,0
2025-12-09,USR-30143,Pagado,3,0
2026-02-19,USR-43754,Referido,1,0
2026-01-26,USR-85848,Organico,3,0
2026-02-25,USR-79424,Directo,2,0
2026-02-09,USR-11022,Organico,2,0
2026-02-01,USR-71240,Pagado,2,1
2025-12-06,USR-42164,Referido,1,0
2025-12-06,USR-12821,Organico,1,0
2026-02-10,USR-81565,Referido,3,0
2026-01-12,USR-81016,Directo,3,0
2025-12-06,USR-58816,Pagado,3,0
2026-01-15,USR-21802,Pagado,2,0
2026-01-23,USR-97799,Directo,2,0
2026-01-10,USR-65398,Directo,3,0
2026-03-02,USR-84900,Referido,1,0
2025-12-29,USR-79746,Organico,2,0
2025-12-27,USR-71884,Directo,2,0
2026-02-01,USR-44639,Pagado,1,0
2026-02-20,USR-27978,Pagado,1,0
2026-02-12,USR-33339,Directo,2,0
2025-12-09,USR-45612,Organico,1,0
2026-01-01,USR-36065,Directo,3,1
2026-01-31,USR-37860,Referido,2,0
2026-02-13,USR-51100,Directo,3,0
2025-12-16,USR-42305,Directo,1,0
2026-02-03,USR-67836,Pagado,3,0
2025-12-30,USR-94210,Pagado,3,0
2026-01-29,USR-23085,Organico,2,0
2025-12-13,USR-81306,Organico,1,0
2026-01-12,USR-40785,Pagado,1,0
2026-02-15,USR-54389,Pagado,1,0
2026-02-13,USR-59879,Directo,2,0
2025-12-17,USR-44106,Organico,2,0
2026-03-01,USR-57760,Organico,3,0
2025-12-23,USR-78267,Pagado,1,0
2026-01-06,USR-97079,Pagado,2,0
2026-02-25,USR-69318,Organico,2,0
2026-01-20,USR-59896,Pagado,2,0
2026-02-23,USR-28744,Referido,1,0
2026-03-03,USR-67512,Referido,2,0
2026-02-13,USR-45222,Organico,2,0
2026-01-08,USR-24991,Directo,2,0
2026-02-12,USR-88645,Organico,3,0
2026-02-28,USR-25567,Directo,3,0
2026-01-29,USR-54960,Organico,1,0
2026-02-08,USR-27195,Directo,1,0
2026-01-31,USR-69410,Referido,3,0
2026-01-11,USR-87522,Organico,2,0
2026-02-14,USR-20777,Directo,2,0
2026-02-03,USR-28813,Pagado,2,0
2026-01-10,USR-85630,Pagado,3,0
2025-12-17,USR-51041,Directo,2,0
2025-12-05,USR-81241,Directo,3,0
2026-01-25,USR-89113,Pagado,1,0
2025-12-07,USR-51346,Directo,3,0
2026-01-09,USR-29599,Directo,1,0
2026-01-11,USR-48142,Pagado,3,0
2025-12-23,USR-88955,Pagado,3,0
2026-01-16,USR-45979,Referido,3,0
2026-01-06,USR-40680,Referido,3,0
2025-12-08,USR-98947,Organico,1,0
2025-12-12,USR-12958,Directo,2,0
2026-03-01,USR-96081,Directo,2,1
2026-01-08,USR-23534,Referido,3,0
2026-01-01,USR-21515,Referido,3,0
2026-01-26,USR-28694,Referido,3,0
2026-03-02,USR-13335,Organico,2,0
2026-02-01,USR-56776,Directo,2,0
2026-01-24,USR-12267,Referido,3,0
2026-02-01,USR-86282,Directo,1,0
2025-12-17,USR-46374,Pagado,2,1
2026-01-29,USR-31483,Pagado,1,0
2026-02-21,USR-18482,Pagado,3,1
2026-03-05,USR-68703,Pagado,2,0
2026-01-23,USR-92427,Directo,3,0
2026-02-09,USR-29638,Pagado,3,0
2025-12-16,USR-40572,Referido,2,0
2026-02-20,USR-74098,Referido,1,1
2026-01-03,USR-14147,Directo,2,0
2026-01-10,USR-98828,Pagado,3,0
2026-01-01,USR-98268,Pagado,1,0
2025-12-14,USR-20442,Referido,3,0
2026-01-10,USR-93435,Pagado,2,0
2026-02-08,USR-28801,Directo,2,0
2026-02-19,USR-31449,Pagado,3,0
2026-01-26,USR-20029,Directo,2,0
2026-01-08,USR-92577,Pagado,1,0
2026-02-01,USR-97465,Directo,3,0
2026-01-04,USR-59970,Referido,2,0
2026-01-19,USR-64752,Pagado,3,0
2025-12-23,USR-37476,Pagado,1,0
2025-12-05,USR-79998,Pagado,3,0
2026-02-23,USR-65410,Pagado,1,0
2025-12-18,USR-30742,Organico,1,0
2026-01-27,USR-70237,Pagado,1,0
2026-02-25,USR-70630,Organico,2,0
2026-02-16,USR-61155,Organico,2,0
2026-01-08,USR-30966,Directo,1,0
2026-02-25,USR-50198,Organico,2,0
2026-02-13,USR-26230,Referido,3,0
2026-01-23,USR-51450,Pagado,3,0
2025-12-31,USR-52152,Referido,1,0
2026-02-18,USR-84254,Referido,3,1
2026-02-04,USR-43032,Referido,3,0
2026-02-11,USR-57254,Referido,1,0
2026-01-23,USR-23225,Directo,2,1
2026-01-20,USR-31488,Directo,1,0
2025-12-16,USR-81433,Organico,3,0
2026-02-27,USR-32408,Directo,1,0
2025-12-06,USR-22748,Pagado,1,0
2026-02-01,USR-89622,Referido,1,0
2026-01-11,USR-32617,Directo,2,0
2026-01-02,USR-66518,Referido,2,0
2026-02-21,USR-61191,Referido,1,0
2025-12-15,USR-70936,Referido,1,0
2026-01-21,USR-12141,Pagado,2,0
2025-12-15,USR-57539,Directo,2,0
2026-01-08,USR-88847,Organico,2,0
2026-01-05,USR-77742,Referido,2,0
2025-12-16,USR-18416,Referido,2,0
2025-12-06,USR-25925,Referido,3,1
2025-12-31,USR-19654,Referido,2,0
2025-12-21,USR-80364,Referido,1,0
2026-01-07,USR-98666,Directo,1,0
2026-01-24,USR-26532,Organico,2,0
2026-01-06,USR-63445,Organico,1,0
2026-03-05,USR-44576,Organico,2,0
2026-02-25,USR-16247,Organico,3,0
2025-12-29,USR-66143,Referido,3,0
2026-02-15,USR-15009,Directo,3,0
2025-12-15,USR-47730,Pagado,1,0
2025-12-13,USR-45285,Pagado,1,1
2026-02-17,USR-77054,Referido,1,0
2026-02-28,USR-73140,Organico,2,0
2025-12-12,USR-26080,Organico,1,0
2026-03-05,USR-60430,Referido,1,0
2026-01-06,USR-82733,Referido,3,0
2025-12-17,USR-21637,Referido,2,0
2025-12-24,USR-54354,Organico,2,0
2026-02-20,USR-93389,Referido,2,0
2026-01-27,USR-41645,Referido,1,0
2026-01-12,USR-85230,Pagado,1,0
2025-12-25,USR-87746,Directo,1,0
2026-02-28,USR-74877,Directo,1,0
2026-01-26,USR-82096,Organico,1,0
2026-01-10,USR-13221,Directo,3,0
2026-01-24,USR-18407,Directo,3,0
2025-12-21,USR-38872,Directo,1,0
2026-02-01,USR-76939,Referido,1,0
2026-01-10,USR-96192,Referido,3,0
2025-12-31,USR-23370,Organico,3,0
2026-01-10,USR-83248,Directo,1,0
2026-01-09,USR-98788,Organico,2,1
2026-01-28,USR-30192,Referido,2,0
2026-01-01,USR-42423,Pagado,2,0
2025-12-16,USR-93594,Referido,1,0
2025-12-11,USR-50360,Pagado,3,0
2025-12-14,USR-15084,Organico,1,0
2025-12-07,USR-98931,Directo,2,0
2026-01-02,USR-30373,Organico,2,0
2026-01-12,USR-22780,Pagado,3,0
2026-01-24,USR-75824,Directo,1,1
2026-03-01,USR-82150,Organico,2,0
2026-02-04,USR-74095,Directo,3,0
2026-02-20,USR-49144,Directo,3,0
2026-01-24,USR-95107,Organico,2,0
2026-01-06,USR-58887,Directo,3,0
2025-12-13,USR-53703,Directo,2,0
2025-12-31,USR-95788,Pagado,2,0
2026-01-16,USR-51800,Pagado,1,0
2026-01-17,USR-82585,Pagado,2,0
2026-03-01,USR-56507,Referido,3,0
2026-01-14,USR-38191,Directo,3,0
2026-02-24,USR-16324,Pagado,3,0
2025-12-23,USR-84725,Directo,1,0
2026-01-09,USR-31845,Directo,1,0
2025-12-09,USR-30458,Directo,2,1
2025-12-14,USR-79706,Pagado,2,1
2025-12-22,USR-19079,Organico,1,0
2026-02-02,USR-83265,Pagado,2,0
2025-12-05,USR-65250,Directo,2,0
2025-12-17,USR-29969,Referido,1,0
2025-12-30,USR-99628,Pagado,3,0
2026-03-01,USR-67188,Pagado,2,0
2026-01-11,USR-77515,Referido,1,0
2026-02-26,USR-88203,Referido,2,0
2025-12-23,USR-21412,Organico,3,1
2026-02-18,USR-58416,Pagado,3,0
2025-12-25,USR-43924,Referido,3,0
2026-01-23,USR-62493,Referido,1,0
2026-01-09,USR-49034,Referido,2,0
2026-01-07,USR-34574,Directo,3,0
2025-12-26,USR-91395,Organico,3,0
2026-01-16,USR-96363,Organico,1,0
2026-02-20,USR-54805,Organico,1,1
2026-02-06,USR-79670,Pagado,2,0
2026-01-14,USR-28442,Pagado,2,0
2025-12-18,USR-99303,Organico,2,0
2026-01-12,USR-71838,Organico,1,0
2026-01-23,USR-87360,Directo,2,0
2025-12-06,USR-41446,Organico,1,1
2026-02-17,USR-47316,Directo,3,0
2026-01-01,USR-59080,Organico,2,0
2026-02-22,USR-31534,Pagado,1,0
2026-03-03,USR-33064,Organico,3,0
2026-02-03,USR-76411,Directo,2,0
2026-02-10,USR-67730,Pagado,1,0
2025-12-20,USR-88325,Directo,3,0
2026-01-27,USR-77982,Referido,2,0
2026-01-09,USR-89094,Directo,2,0
2026-01-19,USR-58081,Organico,3,0
2026-01-13,USR-57389,Directo,1,0
2026-02-21,USR-43677,Pagado,1,0
2026-01-07,USR-72992,Referido,3,0
2026-01-25,USR-53057,Referido,2,0
2026-01-26,USR-98012,Referido,2,0
2026-01-18,USR-32321,Pagado,3,0
2025-12-28,USR-52434,Directo,1,0
2026-02-25,USR-97949,Organico,3,0
2025-12-28,USR-58115,Organico,1,0
2026-02-01,USR-59027,Directo,1,0
2026-02-09,USR-89235,Pagado,1,0
2026-01-23,USR-55680,Directo,2,0
2026-01-25,USR-47596,Referido,3,0
2026-01-29,USR-12894,Directo,3,0
2025-12-31,USR-99925,Pagado,3,0
2026-01-17,USR-89416,Referido,1,0
2026-02-08,USR-47929,Referido,1,0
2026-02-12,USR-77184,Organico,1,0
2026-03-03,USR-28358,Directo,3,0
2025-12-31,USR-59273,Directo,2,0
2026-02-24,USR-74899,Referido,3,0
2026-01-08,USR-50661,Organico,2,1
2026-02-03,USR-81671,Pagado,1,0
2025-12-13,USR-19353,Organico,2,0
2026-01-13,USR-18043,Referido,2,0
2026-01-05,USR-51783,Referido,1,0
2026-03-03,USR-58473,Directo,1,0
2026-02-15,USR-19578,Referido,2,0
2025-12-28,USR-37070,Directo,3,0
2025-12-17,USR-39061,Referido,2,0
2025-12-21,USR-57657,Referido,3,0
2025-12-16,USR-35694,Referido,3,0
2025-12-22,USR-96508,Pagado,1,0
2025-12-28,USR-79465,Directo,3,0
2025-12-09,USR-19044,Organico,2,0
2026-01-13,USR-49366,Organico,2,0
2025-12-31,USR-69629,Organico,3,1
2026-01-25,USR-28321,Organico,3,0
2026-01-16,USR-60344,Organico,2,0
2025-12-27,USR-33266,Organico,1,0
2026-02-08,USR-12316,Organico,1,0
2025-12-05,USR-72830,Referido,1,0
2025-12-31,USR-71347,Pagado,3,0
2026-02-16,USR-21252,Organico,1,0
2025-12-27,USR-89547,Pagado,3,0
2025-12-19,USR-56516,Pagado,2,0
2026-02-22,USR-36107,Organico,2,0
2026-02-24,USR-64951,Pagado,1,0
2026-02-15,USR-39080,Organico,3,0
2026-02-03,USR-86395,Directo,3,0
2026-01-27,USR-89046,Pagado,1,0
2025-12-21,USR-17914,Referido,2,0
2026-01-25,USR-96827,Referido,1,0
2026-02-26,USR-69990,Pagado,3,0
2026-01-23,USR-70224,Directo,1,0
2026-01-23,USR-20892,Pagado,1,0
2025-12-25,USR-28957,Referido,3,0
2026-01-20,USR-91456,Directo,3,0
2025-12-20,USR-66543,Directo,2,0
2026-02-25,USR-14051,Pagado,3,0
2026-02-23,USR-46072,Organico,1,0
2026-01-05,USR-96371,Referido,3,0
2025-12-23,USR-62193,Referido,3,0
2026-01-13,USR-96782,Referido,1,0
2026-01-31,USR-99203,Directo,2,0
2026-01-14,USR-23110,Organico,1,0
2026-02-05,USR-78452,Pagado,3,0
2026-02-01,USR-68001,Pagado,2,0
2026-01-13,USR-36067,Referido,1,0
2026-01-27,USR-44100,Referido,3,0
2026-01-23,USR-19135,Directo,2,0
2026-01-09,USR-42003,Organico,2,0
2025-12-17,USR-53740,Directo,1,0
2026-01-30,USR-72327,Pagado,3,0
2026-02-08,USR-29970,Referido,1,0
2026-01-22,USR-93711,Pagado,3,0
2026-01-26,USR-52294,Organico,1,0
2026-02-25,USR-34950,Organico,1,0
2026-01-16,USR-44396,Directo,2,0
2026-01-23,USR-11154,Directo,3,0
2026-01-30,USR-97298,Directo,3,0
2026-02-09,USR-92517,Pagado,3,0
2026-03-01,USR-32065,Directo,2,0
2026-01-05,USR-34671,Referido,2,0
2026-01-12,USR-56953,Directo,2,0
2025-12-26,USR-94763,Referido,1,0
2026-02-19,USR-36713,Organico,1,1
2026-01-08,USR-65875,Directo,1,0
2026-02-22,USR-45703,Directo,3,0
2026-01-27,USR-24706,Referido,1,0
2026-01-11,USR-16684,Directo,1,0
2026-02-02,USR-31838,Organico,3,0
2026-02-16,USR-75739,Organico,2,0
2025-12-16,USR-54729,Pagado,2,0
2026-02-03,USR-94992,Directo,3,0
2026-02-26,USR-35608,Pagado,1,0
2026-02-26,USR-20922,Organico,1,0
2026-02-16,USR-17425,Directo,3,0
2025-12-15,USR-56499,Referido,2,0
2025-12-26,USR-13467,Organico,2,0
2026-01-03,USR-74423,Directo,3,0
2026-02-27,USR-99335,Organico,2,0
2026-03-05,USR-68183,Pagado,1,0
2025-12-16,USR-95512,Organico,2,0
2026-01-28,USR-78296,Referido,3,0
2026-03-03,USR-47496,Directo,1,1
2026-02-12,USR-81327,Referido,2,0
2026-02-21,USR-45264,Referido,3,0
2026-01-13,USR-93513,Pagado,1,0
2026-02-11,USR-77181,Organico,1,0
2026-01-22,USR-47754,Referido,1,0
2025-12-13,USR-84965,Organico,2,1
2026-02-21,USR-83080,Referido,2,0
2026-02-04,USR-71316,Directo,2,0
2026-01-18,USR-64477,Pagado,2,0
2026-02-22,USR-92249,Referido,3,0
2025-12-21,USR-77253,Organico,2,0
2026-02-12,USR-13662,Directo,1,0
2026-01-30,USR-73396,Organico,2,0
2026-02-13,USR-75447,Organico,1,0
2025-12-30,USR-14699,Organico,3,0
2026-02-14,USR-76449,Directo,3,0
2026-02-06,USR-11772,Referido,1,0
2026-02-14,USR-69146,Directo,2,0
2026-03-05,USR-43194,Organico,1,0
2026-01-19,USR-14315,Pagado,3,0
2026-01-23,USR-63680,Organico,2,0
2026-01-27,USR-47674,Directo,2,0
2026-01-01,USR-19988,Directo,1,0
2025-12-12,USR-78920,Organico,3,0
2026-01-25,USR-82326,Directo,1,0
2025-12-15,USR-45264,Organico,2,0
2026-02-16,USR-78153,Pagado,2,0
2026-02-09,USR-46796,Organico,3,0
2025-12-22,USR-12850,Organico,3,0
2026-01-13,USR-55339,Pagado,1,0
2025-12-26,USR-53090,Pagado,2,0
2025-12-31,USR-82096,Directo,1,0
2025-12-20,USR-14486,Organico,3,0
2026-02-22,USR-17225,Pagado,3,0
2026-01-31,USR-87490,Organico,2,0
2026-01-17,USR-29096,Referido,2,0
2026-02-13,USR-59606,Pagado,3,0
2026-01-27,USR-33704,Organico,2,0
2026-02-15,USR-80047,Pagado,1,0
2026-01-05,USR-31200,Referido,3,1
2025-12-13,USR-87489,Organico,2,0
2026-02-19,USR-86726,Organico,2,0
2026-01-03,USR-10157,Pagado,2,0
2026-01-29,USR-20340,Referido,2,0
2026-01-13,USR-12659,Pagado,2,0
2026-01-06,USR-47482,Directo,3,0
2025-12-21,USR-10521,Organico,1,0
2025-12-24,USR-48468,Referido,1,0
2026-01-14,USR-29972,Referido,1,0
2026-02-13,USR-81154,Referido,3,0
2026-01-30,USR-45837,Referido,3,0
2026-01-23,USR-16256,Directo,1,0
2025-12-31,USR-17567,Organico,2,0
2026-02-24,USR-29492,Pagado,1,0
2025-12-05,USR-99062,Organico,1,0
2026-01-11,USR-11117,Organico,3,0
2026-02-05,USR-89324,Referido,2,0
2026-01-06,USR-10878,Pagado,1,0
2025-12-20,USR-50270,Referido,1,0
2026-02-10,USR-56797,Referido,3,0
2026-01-14,USR-61204,Organico,2,0
2026-01-31,USR-16104,Pagado,1,0
2025-12-28,USR-83205,Pagado,3,0
2026-01-08,USR-23985,Referido,3,0
2025-12-12,USR-54589,Referido,2,0
2026-01-01,USR-72272,Pagado,1,0
2026-02-28,USR-79815,Directo,3,0
2026-02-15,USR-73647,Referido,3,0
2026-03-01,USR-24820,Directo,1,0
2025-12-31,USR-29989,Organico,3,0
2025-12-24,USR-53918,Referido,2,0
2025-12-28,USR-65530,Pagado,1,0
2026-01-22,USR-58815,Pagado,1,0
2026-01-20,USR-95852,Organico,1,0
2026-02-25,USR-76059,Pagado,2,0
2026-02-15,USR-34524,Pagado,1,0
2026-02-20,USR-82299,Pagado,1,0
2026-01-22,USR-90432,Organico,3,0
2025-12-26,USR-14027,Pagado,3,0
2026-02-05,USR-79050,Organico,2,0
2026-02-24,USR-21812,Organico,2,0
2025-12-10,USR-47036,Directo,1,0
2026-02-22,USR-97344,Organico,1,0
2026-01-08,USR-54184,Directo,3,0
2026-02-05,USR-37476,Organico,3,0
2026-01-23,USR-18486,Directo,2,0
2025-12-06,USR-76825,Directo,1,0
2026-02-09,USR-39300,Referido,2,0
2026-01-02,USR-94470,Organico,3,0
2025-12-30,USR-87530,Directo,1,0
2026-01-02,USR-44925,Organico,3,0
2025-12-08,USR-93893,Referido,2,0
2026-02-02,USR-12609,Referido,3,0
2026-01-22,USR-68963,Pagado,3,0
2025-12-19,USR-93869,Organico,2,1
2025-12-20,USR-41261,Directo,3,0
2026-02-06,USR-98621,Organico,3,0
2026-03-03,USR-44258,Referido,2,0
2026-01-22,USR-99902,Pagado,3,0
2025-12-05,USR-79335,Referido,1,0
2025-12-31,USR-27099,Directo,1,0
2025-12-10,USR-46837,Directo,3,0
2025-12-30,USR-71747,Organico,2,0
2026-02-13,USR-30061,Pagado,1,0
2026-01-11,USR-41767,Organico,3,0
2026-02-06,USR-53953,Directo,3,0
2026-02-01,USR-34461,Pagado,3,0
2025-12-13,USR-37043,Organico,3,0
2025-12-10,USR-58205,Organico,2,0
2026-01-16,USR-49388,Pagado,1,0
2026-02-23,USR-84993,Pagado,1,0
2026-02-02,USR-51290,Pagado,2,0
2026-01-16,USR-96465,Directo,1,0
2026-02-12,USR-42582,Referido,1,0
2026-01-15,USR-60394,Organico,1,0
2026-02-25,USR-70257,Directo,3,0
2026-02-02,USR-40286,Referido,2,0
2026-02-02,USR-62098,Referido,2,0
2026-01-24,USR-29444,Pagado,1,0
2026-02-19,USR-23467,Pagado,2,0
2026-03-05,USR-26763,Directo,3,0
2025-12-23,USR-57625,Referido,1,0
2026-03-05,USR-64457,Pagado,2,0
2026-02-23,USR-54098,Pagado,2,0
2025-12-07,USR-40515,Referido,2,0
2026-02-09,USR-20424,Directo,3,1
2026-01-13,USR-82140,Pagado,2,0
2025-12-21,USR-57056,Directo,1,0
2026-02-16,USR-29319,Referido,1,0
2025-12-28,USR-80132,Directo,3,0
2026-01-24,USR-51720,Referido,3,0
2026-01-28,USR-63042,Pagado,2,0
2026-01-03,USR-43334,Directo,1,0
2026-03-04,USR-43892,Directo,3,0
2025-12-09,USR-69295,Pagado,3,0
2026-02-17,USR-14084,Pagado,1,0
2026-02-22,USR-13573,Directo,3,0
2025-12-13,USR-22257,Organico,1,0
2026-02-24,USR-29235,Directo,1,0
2026-02-21,USR-84262,Directo,2,0
2026-03-04,USR-29118,Referido,3,0
2025-12-29,USR-87476,Organico,2,1
2026-01-03,USR-62973,Organico,1,0
2026-02-01,USR-68986,Organico,3,0
2026-01-02,USR-33344,Pagado,3,0
2026-01-27,USR-49536,Organico,2,0
2025-12-12,USR-37117,Organico,1,0
2026-02-21,USR-61507,Referido,1,0
2026-01-18,USR-20277,Referido,1,0
2025-12-24,USR-27815,Pagado,3,1
2026-01-14,USR-70081,Pagado,2,0
2026-02-17,USR-70073,Organico,2,0
2025-12-25,USR-28173,Organico,3,0
2026-02-23,USR-27818,Organico,1,0
2026-01-20,USR-48130,Directo,3,0
2026-01-23,USR-97893,Directo,2,0
2026-01-05,USR-63920,Directo,2,0
2026-02-05,USR-21315,Directo,1,0
2026-01-12,USR-46228,Directo,3,0
2026-01-31,USR-80448,Directo,1,0
2026-01-17,USR-87260,Referido,2,0
2026-02-02,USR-29085,Pagado,2,0
2025-12-23,USR-47078,Referido,1,0
2025-12-25,USR-60024,Directo,3,0
2026-02-26,USR-71001,Referido,2,0
2026-01-21,USR-90835,Pagado,3,0
2025-12-28,USR-83556,Directo,1,0
2025-12-11,USR-19680,Pagado,1,0
2026-02-28,USR-47707,Pagado,2,0
2025-12-16,USR-33664,Referido,2,0
2026-01-07,USR-73054,Pagado,2,0
2026-01-03,USR-66989,Pagado,1,0
2026-02-13,USR-50872,Directo,2,0
2026-01-12,USR-36351,Organico,1,1
2026-01-27,USR-55337,Organico,3,0
2026-02-24,USR-49806,Referido,2,0
2025-12-12,USR-87672,Directo,3,0
2026-03-03,USR-16876,Organico,1,0
2025-12-22,USR-67612,Referido,2,0
2025-12-30,USR-78639,Pagado,3,0
2026-03-01,USR-82920,Pagado,3,0
2026-02-14,USR-62064,Referido,2,0
2025-12-22,USR-44485,Referido,1,0
2026-02-25,USR-26035,Pagado,2,0
2025-12-18,USR-11623,Directo,3,0
2025-12-08,USR-81454,Pagado,3,0
2026-02-12,USR-35581,Pagado,1,0
2026-02-12,USR-80790,Organico,3,0
2026-01-18,USR-82926,Organico,2,0
2026-01-09,USR-43617,Organico,1,0
2025-12-14,USR-13666,Referido,3,0
2026-02-18,USR-53633,Organico,1,0
2026-02-05,USR-76267,Directo,2,0
2026-02-18,USR-35404,Directo,2,0
2026-01-28,USR-99360,Organico,3,0
2026-01-22,USR-61650,Pagado,1,1
2026-01-09,USR-12276,Directo,3,0
2025-12-25,USR-93494,Referido,1,0
2025-12-09,USR-92181,Organico,3,0
2025-12-19,USR-72303,Pagado,2,0
2025-12-10,USR-35994,Directo,1,0
2025-12-20,USR-41048,Pagado,3,0
2026-02-18,USR-23861,Directo,3,0
2026-02-28,USR-95197,Pagado,2,0
2026-02-25,USR-34249,Referido,1,0
2025-12-11,USR-94547,Organico,1,0
2025-12-23,USR-74858,Referido,3,0
2026-02-20,USR-38399,Organico,2,1
2025-12-30,USR-36102,Referido,2,0
2026-02-22,USR-16151,Referido,1,0
2026-01-16,USR-68484,Organico,1,0
2026-01-02,USR-19416,Directo,1,0
2026-02-18,USR-31135,Referido,2,0
2025-12-15,USR-92757,Referido,2,0
2026-02-04,USR-43725,Organico,2,0
2026-02-20,USR-38907,Pagado,1,1
2026-01-19,USR-57429,Directo,1,0
2026-01-05,USR-15626,Organico,1,0
2025-12-25,USR-29140,Directo,3,0
2025-12-21,USR-96055,Pagado,1,0
2026-01-08,USR-21290,Referido,1,0
2025-12-21,USR-17632,Organico,1,0
2025-12-19,USR-52414,Pagado,3,0
2025-12-16,USR-49708,Organico,3,0
2025-12-10,USR-43439,Organico,1,0
2026-01-14,USR-52968,Referido,3,0
2026-01-16,USR-27267,Directo,2,0
2026-02-17,USR-36918,Organico,1,0
2025-12-22,USR-23590,Pagado,3,0
2026-02-22,USR-85936,Referido,1,0
2025-12-22,USR-11751,Directo,2,0
2026-01-16,USR-75823,Directo,2,0
2026-01-25,USR-58607,Referido,3,0
2026-02-18,USR-67759,Directo,3,0
2025-12-19,USR-73991,Referido,2,0
2026-02-16,USR-47363,Pagado,3,0
2026-01-15,USR-66672,Pagado,1,0
2025-12-17,USR-47239,Directo,2,0
2025-12-09,USR-92518,Organico,1,0
2026-01-27,USR-75563,Pagado,2,1
2026-01-12,USR-46126,Directo,3,0
2026-01-10,USR-30773,Directo,2,0
2026-02-28,USR-79017,Referido,2,0
2025-12-14,USR-34752,Directo,3,0
2026-02-03,USR-64514,Referido,1,0
2026-01-31,USR-95999,Organico,1,0
2026-02-11,USR-33139,Directo,2,0
2025-12-26,USR-79589,Directo,3,0
2025-12-27,USR-53278,Directo,1,0
2025-12-11,USR-26002,Referido,2,0
2026-01-18,USR-71706,Directo,1,0
2025-12-21,USR-29999,Directo,2,0
2026-01-29,USR-44143,Directo,3,0
2026-01-09,USR-56598,Pagado,1,0
2026-02-23,USR-31368,Pagado,2,0
2025-12-18,USR-17224,Organico,1,0
2026-03-01,USR-38416,Referido,2,0
2026-02-17,USR-54457,Referido,3,0
2026-01-06,USR-27012,Pagado,2,0
2025-12-15,USR-38794,Directo,2,0
2025-12-05,USR-89534,Pagado,1,0
2025-12-25,USR-46087,Pagado,3,0
2026-01-15,USR-38370,Directo,1,0
2026-01-24,USR-65129,Directo,2,0
2025-12-26,USR-14028,Directo,1,0
2026-01-16,USR-74107,Directo,1,0
2026-03-03,USR-69180,Referido,3,0
2026-02-25,USR-92958,Pagado,3,0
2025-12-09,USR-29916,Directo,3,0
2026-02-13,USR-68450,Organico,1,0
2026-02-26,USR-51814,Pagado,3,0
2026-03-02,USR-26528,Directo,2,0
2025-12-16,USR-35779,Referido,2,0
2026-01-01,USR-92280,Pagado,3,0
2025-12-17,USR-41882,Directo,1,0
2025-12-18,USR-16054,Pagado,2,0
2026-02-19,USR-72979,Referido,2,0
2025-12-23,USR-21354,Referido,1,0
2025-12-16,USR-14441,Referido,1,0
2025-12-26,USR-11848,Organico,1,0
2026-01-26,USR-28310,Organico,1,0
2026-01-28,USR-25607,Organico,1,0
2026-02-11,USR-88663,Organico,2,1
2025-12-20,USR-86638,Referido,2,0
2025-12-19,USR-76145,Referido,1,0
2026-01-27,USR-92555,Pagado,2,0
2026-02-13,USR-74440,Referido,1,0
2026-02-15,USR-26931,Organico,3,0
2026-01-10,USR-55888,Organico,1,0
2026-01-22,USR-33921,Directo,3,0
2026-01-22,USR-31666,Referido,2,0
2026-01-01,USR-64257,Directo,1,0
2026-01-28,USR-42196,Referido,1,0
2026-02-13,USR-16090,Pagado,1,0
2026-01-07,USR-11217,Directo,1,0
2026-02-09,USR-54713,Directo,2,0
2026-01-03,USR-11543,Organico,2,0
2026-02-13,USR-58782,Organico,3,0
2026-02-09,USR-13573,Directo,3,0
2026-01-04,USR-90164,Directo,3,0
2026-03-01,USR-73814,Organico,2,0
2026-03-01,USR-50116,Pagado,2,0
2026-02-08,USR-26747,Pagado,1,0
2026-02-26,USR-35600,Organico,2,0
2025-12-30,USR-99299,Directo,1,0
2026-01-05,USR-81185,Referido,2,0
2025-12-09,USR-86430,Directo,2,0
2025-12-25,USR-62354,Referido,3,0
2025-12-26,USR-22382,Referido,3,0
2026-02-11,USR-65177,Directo,3,0
2026-02-25,USR-51284,Organico,2,0
2025-12-19,USR-11849,Organico,3,0
2026-01-31,USR-72131,Organico,1,0
2025-12-20,USR-30786,Pagado,1,0
2025-12-12,USR-20106,Pagado,1,0
2025-12-30,USR-70444,Pagado,2,0
2025-12-20,USR-14682,Referido,1,0
2026-02-18,USR-27908,Organico,2,0
2026-02-18,USR-46862,Organico,1,0
2026-02-05,USR-33419,Directo,3,0
2026-01-17,USR-33184,Pagado,1,0
2026-01-05,USR-25769,Organico,2,0
2026-01-24,USR-20328,Pagado,2,0
2025-12-30,USR-24675,Directo,1,0
2025-12-21,USR-80219,Directo,2,0
2026-01-11,USR-70965,Referido,1,0
2026-01-04,USR-90781,Organico,2,0
2026-02-01,USR-74636,Pagado,2,0
2025-12-05,USR-32825,Directo,1,0
2026-02-09,USR-41241,Pagado,2,0
2026-02-11,USR-51037,Directo,2,0
2025-12-08,USR-34516,Referido,1,0
2026-01-31,USR-35389,Directo,2,0
2026-02-11,USR-74164,Directo,1,0
2025-12-05,USR-34458,Directo,1,0
2026-02-10,USR-49969,Directo,2,0
2026-01-10,USR-70854,Organico,1,0
2026-02-26,USR-82803,Organico,2,0
2025-12-25,USR-84170,Referido,1,0
2026-01-23,USR-44660,Pagado,1,0
2026-02-03,USR-43386,Organico,2,0
2026-02-27,USR-86111,Directo,2,0
2026-01-31,USR-75489,Directo,1,0
2026-01-21,USR-12229,Pagado,2,0
2026-01-04,USR-28453,Directo,1,0
2026-02-18,USR-84391,Organico,1,0
2026-01-16,USR-58198,Referido,3,0
2026-02-28,USR-78859,Pagado,3,0
2026-03-03,USR-76262,Referido,1,0
2026-02-03,USR-55837,Organico,1,0
2026-02-05,USR-76751,Directo,1,1
2026-02-16,USR-71156,Pagado,1,0
2025-12-21,USR-33051,Organico,2,0
2026-01-04,USR-37271,Pagado,3,1
2026-01-13,USR-94727,Directo,3,0
2026-01-25,USR-85100,Referido,1,0
2026-01-17,USR-72426,Directo,2,0
2026-02-12,USR-55301,Pagado,1,0
2026-02-18,USR-19228,Referido,3,0
2026-02-23,USR-87046,Directo,3,0
2026-01-08,USR-38364,Pagado,1,0
2025-12-21,USR-11196,Organico,2,0
2025-12-31,USR-32731,Pagado,1,0
2025-12-16,USR-18909,Pagado,1,0
2026-02-24,USR-35403,Directo,2,0
2026-01-07,USR-12140,Directo,3,0
2025-12-30,USR-69852,Pagado,3,0
2026-02-21,USR-61768,Pagado,3,0
2025-12-18,USR-13973,Pagado,1,0
2026-03-01,USR-60716,Referido,1,0
2026-01-06,USR-25451,Directo,2,0
2025-12-24,USR-12117,Directo,1,1
2026-01-25,USR-91023,Organico,2,0
2026-01-14,USR-43943,Referido,1,0
2026-01-17,USR-14159,Organico,1,0
2026-02-09,USR-85175,Directo,1,0
2025-12-09,USR-58990,Referido,3,0
2025-12-28,USR-26879,Organico,1,0
2025-12-08,USR-78649,Referido,3,0
2026-01-19,USR-10172,Directo,3,0
2025-12-21,USR-76242,Directo,2,0
2026-02-11,USR-83017,Directo,1,0
2026-03-02,USR-87638,Pagado,1,0
2025-12-28,USR-16059,Directo,2,0
2025-12-05,USR-69396,Directo,1,0
2026-02-19,USR-74412,Referido,3,1
2026-02-22,USR-34377,Directo,3,0
2026-01-13,USR-86398,Pagado,3,0
2025-12-07,USR-16516,Organico,2,0
2026-01-15,USR-13286,Directo,1,0
2026-02-20,USR-51868,Directo,2,0
2026-01-19,USR-47112,Referido,1,0
2025-12-17,USR-61063,Directo,2,0
2026-01-10,USR-48002,Pagado,2,0
2026-02-10,USR-12861,Directo,2,0
2026-01-31,USR-85121,Referido,2,0
2026-01-18,USR-54367,Pagado,3,0
2026-01-18,USR-67385,Referido,2,0
2026-02-23,USR-58117,Directo,2,0
2026-02-08,USR-14954,Referido,2,0
2026-02-13,USR-86696,Pagado,3,0
2026-01-04,USR-29223,Organico,2,0
2026-02-06,USR-70098,Organico,2,0
2026-02-10,USR-41916,Referido,3,0
2026-02-15,USR-76585,Pagado,2,0
2026-02-13,USR-35373,Referido,1,1
2026-01-04,USR-67477,Directo,1,0
2026-02-08,USR-93308,Pagado,1,0
2025-12-15,USR-54006,Pagado,3,0
2025-12-19,USR-21426,Directo,3,0
2026-02-22,USR-47085,Referido,3,0
2026-02-15,USR-35231,Referido,1,0
2026-02-18,USR-38021,Directo,1,0
2025-12-10,USR-61819,Directo,1,0
2026-01-19,USR-98974,Pagado,2,0
2026-02-12,USR-49364,Pagado,3,0
2025-12-17,USR-72180,Organico,2,0
2026-01-16,USR-29154,Organico,3,0
2026-02-01,USR-63157,Pagado,2,0
2025-12-26,USR-87506,Pagado,3,0
2026-03-01,USR-50507,Organico,3,0
2025-12-20,USR-89933,Directo,3,0
2025-12-08,USR-99014,Pagado,1,0
2026-01-16,USR-60790,Directo,1,0
2026-01-13,USR-41955,Directo,1,0
2026-01-21,USR-55058,Referido,3,0
2026-01-14,USR-50396,Pagado,1,0
2026-02-11,USR-60717,Directo,3,0
2026-02-15,USR-29639,Organico,1,0
2025-12-18,USR-24029,Referido,2,0
2025-12-20,USR-99467,Pagado,3,0
2026-02-20,USR-55694,Referido,3,0
2026-01-11,USR-57116,Referido,1,0
2026-02-03,USR-79055,Pagado,1,0
2025-12-19,USR-23398,Referido,3,0
2026-03-04,USR-68300,Directo,3,0
2026-01-31,USR-79556,Directo,2,0
2026-01-11,USR-90991,Organico,1,0
2026-01-20,USR-46148,Organico,3,0
2026-01-16,USR-59388,Pagado,3,0
2026-03-04,USR-35099,Directo,1,0
2025-12-29,USR-55979,Directo,3,1
2025-12-16,USR-94008,Pagado,2,0
2026-02-01,USR-72645,Pagado,2,0
2025-12-27,USR-27051,Directo,3,0
2026-01-16,USR-17809,Organico,2,0
2026-03-04,USR-81478,Referido,1,0
2025-12-05,USR-38901,Organico,1,0
2026-02-15,USR-34311,Referido,3,0
2026-01-16,USR-26465,Referido,2,0
2026-01-30,USR-86411,Directo,1,0
2026-01-03,USR-38324,Organico,3,0
2026-01-30,USR-50880,Pagado,3,0
2026-02-03,USR-90183,Organico,2,0
2026-01-12,USR-18575,Pagado,3,0
2026-02-05,USR-23856,Directo,1,0
2025-12-22,USR-97481,Organico,2,0
2026-03-04,USR-72459,Pagado,1,0
2026-02-19,USR-78825,Organico,3,0
2025-12-10,USR-83518,Referido,2,0
2026-01-26,USR-30302,Referido,1,0
2025-12-16,USR-62321,Referido,1,0
2025-12-05,USR-30339,Directo,2,0
2025-12-13,USR-53652,Organico,2,1
2026-02-23,USR-18013,Organico,2,0
2026-01-21,USR-34376,Directo,2,0
2026-02-10,USR-30791,Directo,1,0
2026-01-01,USR-10970,Pagado,3,0
2026-01-28,USR-27017,Referido,3,0
2025-12-13,USR-28203,Pagado,2,0
2025-12-25,USR-80980,Organico,3,0
2025-12-31,USR-15595,Organico,3,0
2026-02-12,USR-79504,Directo,2,0
2026-02-24,USR-30218,Pagado,1,1
2026-03-04,USR-65924,Pagado,2,0
2026-01-07,USR-57898,Referido,1,0
2026-02-26,USR-81220,Organico,2,0
2026-02-02,USR-78587,Directo,2,0
2026-03-03,USR-59489,Directo,2,0
2026-02-06,USR-92181,Pagado,2,0
2026-01-31,USR-96939,Referido,3,0
2026-01-23,USR-83374,Directo,1,0
2026-01-31,USR-35418,Pagado,1,0
2026-01-28,USR-85552,Organico,3,0
2026-02-22,USR-86959,Referido,3,0
2026-02-28,USR-91422,Organico,3,0
2026-02-18,USR-23502,Directo,2,0
2026-01-22,USR-57482,Referido,3,0
2026-03-04,USR-99596,Referido,1,0
2026-02-01,USR-52722,Referido,3,0
2025-12-24,USR-45332,Referido,2,0
2026-03-01,USR-61284,Directo,2,0
2025-12-09,USR-70590,Directo,1,0
2026-02-19,USR-71513,Directo,3,0
2026-01-23,USR-74780,Referido,1,0
2026-01-24,USR-45834,Directo,3,1
2025-12-07,USR-34496,Organico,1,0
2026-02-02,USR-23263,Pagado,3,0
2025-12-27,USR-49649,Pagado,2,0
2026-01-15,USR-11688,Directo,2,0
2026-02-22,USR-70850,Referido,1,0
2025-12-06,USR-23564,Organico,2,0
2025-12-11,USR-84639,Directo,3,0
2026-01-21,USR-69897,Directo,3,0
2025-12-12,USR-26077,Referido,3,0
2026-01-14,USR-82022,Organico,3,0
2025-12-11,USR-44226,Pagado,3,0
2026-02-25,USR-39286,Organico,1,0
2025-12-08,USR-64724,Pagado,1,0
2026-02-27,USR-99476,Referido,2,1
2026-02-24,USR-64145,Referido,1,0
2025-12-06,USR-67449,Organico,1,0
2025-12-30,USR-29336,Directo,3,0
2025-12-05,USR-90501,Referido,3,0
2025-12-17,USR-11852,Referido,1,0
2025-12-17,USR-82571,Referido,1,0
2026-02-18,USR-65501,Referido,2,0
2025-12-30,USR-73999,Referido,1,0
2026-02-17,USR-68182,Referido,3,0
2026-02-21,USR-26024,Organico,3,0
2026-01-05,USR-67583,Pagado,3,0
2026-01-17,USR-29806,Referido,3,0
2025-12-08,USR-20674,Directo,1,0
2026-02-27,USR-25629,Organico,2,0
2026-01-12,USR-70245,Referido,2,0
2026-02-19,USR-46386,Referido,2,0
2025-12-23,USR-31426,Organico,2,0
2025-12-29,USR-60797,Pagado,1,0
2025-12-18,USR-42101,Directo,2,1
2026-02-06,USR-11777,Pagado,1,0
2025-12-15,USR-30086,Directo,3,0
2026-03-05,USR-70456,Pagado,1,0
2025-12-07,USR-59664,Pagado,1,0
2026-03-05,USR-16103,Directo,3,0
2026-01-11,USR-80805,Pagado,3,0
2026-02-13,USR-85919,Pagado,3,0
2026-01-10,USR-18891,Organico,1,0
2025-12-16,USR-52908,Organico,3,0
2025-12-07,USR-39219,Organico,2,0
2026-02-21,USR-95621,Organico,2,0
2026-02-28,USR-78768,Pagado,3,0
2026-01-25,USR-10417,Pagado,3,0
2026-01-19,USR-27301,Referido,1,0
2026-01-31,USR-40983,Referido,1,0
2026-03-03,USR-68213,Pagado,2,0
2026-01-22,USR-45234,Directo,1,0
2026-01-01,USR-11366,Organico,2,0
2026-01-29,USR-86447,Referido,3,0
2025-12-16,USR-97800,Pagado,2,0
2025-12-18,USR-94126,Organico,1,0
2026-01-10,USR-70767,Pagado,1,0
2025-12-30,USR-15666,Organico,2,0
2025-12-26,USR-51717,Pagado,2,0
2025-12-10,USR-88848,Referido,3,0
2026-03-04,USR-73584,Referido,1,0
2026-01-06,USR-14226,Directo,2,1
2026-01-23,USR-76193,Referido,2,0
2026-01-03,USR-41275,Organico,1,0
2026-02-14,USR-52303,Referido,2,0
2025-12-10,USR-36446,Directo,3,0
2026-01-10,USR-26269,Directo,1,0
2026-01-29,USR-93116,Pagado,1,0
2026-01-17,USR-13299,Organico,1,0
2025-12-06,USR-28882,Referido,2,0
2026-01-19,USR-54640,Organico,3,0
2026-01-21,USR-40471,Pagado,2,0
2025-12-09,USR-48212,Directo,1,0
2026-02-17,USR-97109,Referido,1,0
2026-02-20,USR-89025,Referido,3,0
2025-12-15,USR-29130,Organico,1,0
2025-12-21,USR-36656,Referido,2,0
2025-12-28,USR-48287,Referido,1,0
2025-12-30,USR-89602,Organico,1,0
2025-12-16,USR-95252,Directo,3,0
2025-12-26,USR-31620,Organico,1,0
2025-12-17,USR-25269,Pagado,2,0
2026-03-03,USR-61875,Organico,2,0
2026-02-05,USR-75755,Organico,3,0
2025-12-10,USR-20856,Directo,1,0
2026-02-25,USR-24712,Referido,3,0
2026-02-09,USR-10313,Organico,2,1
2025-12-28,USR-83931,Pagado,2,0
2026-02-25,USR-95706,Referido,2,0
2026-02-08,USR-55421,Pagado,2,0
2026-02-17,USR-62035,Directo,3,0
2026-02-24,USR-92396,Organico,3,0
2025-12-10,USR-38428,Organico,1,0
2026-01-04,USR-57378,Organico,2,0
2026-02-14,USR-49519,Pagado,3,0
2025-12-30,USR-10956,Referido,1,0
2026-01-28,USR-30347,Organico,1,0
2025-12-31,USR-84571,Pagado,3,0
2025-12-27,USR-69449,Organico,2,0
2026-01-11,USR-92431,Organico,1,0
2026-01-22,USR-37316,Referido,2,0
2026-02-08,USR-92326,Organico,1,0
2026-02-03,USR-14697,Directo,1,0
